news_id,province_code,observed_event_date,hazard_type,reported_districts,area_context,cohort_year,cohort_month,age_days,observed_cohort_tonnes,before_window_candidate_days_pct,pre_bloom_90d_candidate_days_pct,fruit_0_29d_candidate_days_pct,fruit_30_59d_candidate_days_pct,fruit_60_89d_candidate_days_pct,fruit_90_to_harvest_candidate_days_pct,on_or_after_harvest_candidate_days_pct,interpretation,source_url
6411,22,2024-05-31,flood,อ.เมืองจันทบุรี,local_report_not_province_wide_exposure,2024,1,120,45.0,0.0,0.0,0.0,0.0,0.0,0.0,100.0,possible_dates_not_orchard_damage,https://dpmreporter.disaster.go.th/portal/disaster-news/6411
6411,22,2024-05-31,flood,อ.เมืองจันทบุรี,local_report_not_province_wide_exposure,2024,1,130,45.0,0.0,0.0,0.0,0.0,0.0,0.0,100.0,possible_dates_not_orchard_damage,https://dpmreporter.disaster.go.th/portal/disaster-news/6411
6411,22,2024-05-31,flood,อ.เมืองจันทบุรี,local_report_not_province_wide_exposure,2024,1,140,45.0,0.0,0.0,0.0,0.0,0.0,0.0,100.0,possible_dates_not_orchard_damage,https://dpmreporter.disaster.go.th/portal/disaster-news/6411
6411,22,2024-05-31,flood,อ.เมืองจันทบุรี,local_report_not_province_wide_exposure,2024,1,150,45.0,0.0,0.0,0.0,0.0,0.0,0.0,100.0,possible_dates_not_orchard_damage,https://dpmreporter.disaster.go.th/portal/disaster-news/6411
6411,22,2024-05-31,flood,อ.เมืองจันทบุรี,local_report_not_province_wide_exposure,2024,2,120,404.0,0.0,0.0,0.0,0.0,0.0,0.0,100.0,possible_dates_not_orchard_damage,https://dpmreporter.disaster.go.th/portal/disaster-news/6411
6411,22,2024-05-31,flood,อ.เมืองจันทบุรี,local_report_not_province_wide_exposure,2024,2,130,404.0,0.0,0.0,0.0,0.0,0.0,0.0,100.0,possible_dates_not_orchard_damage,https://dpmreporter.disaster.go.th/portal/disaster-news/6411
6411,22,2024-05-31,flood,อ.เมืองจันทบุรี,local_report_not_province_wide_exposure,2024,2,140,404.0,0.0,0.0,0.0,0.0,0.0,0.0,100.0,possible_dates_not_orchard_damage,https://dpmreporter.disaster.go.th/portal/disaster-news/6411
6411,22,2024-05-31,flood,อ.เมืองจันทบุรี,local_report_not_province_wide_exposure,2024,2,150,404.0,0.0,0.0,0.0,0.0,0.0,0.0,100.0,possible_dates_not_orchard_damage,https://dpmreporter.disaster.go.th/portal/disaster-news/6411
6411,22,2024-05-31,flood,อ.เมืองจันทบุรี,local_report_not_province_wide_exposure,2024,3,120,4083.0,0.0,0.0,0.0,0.0,0.0,0.0,100.0,possible_dates_not_orchard_damage,https://dpmreporter.disaster.go.th/portal/disaster-news/6411
6411,22,2024-05-31,flood,อ.เมืองจันทบุรี,local_report_not_province_wide_exposure,2024,3,130,4083.0,0.0,0.0,0.0,0.0,0.0,0.0,100.0,possible_dates_not_orchard_damage,https://dpmreporter.disaster.go.th/portal/disaster-news/6411
6411,22,2024-05-31,flood,อ.เมืองจันทบุรี,local_report_not_province_wide_exposure,2024,3,140,4083.0,0.0,0.0,0.0,0.0,0.0,0.0,100.0,possible_dates_not_orchard_damage,https://dpmreporter.disaster.go.th/portal/disaster-news/6411
6411,22,2024-05-31,flood,อ.เมืองจันทบุรี,local_report_not_province_wide_exposure,2024,3,150,4083.0,0.0,0.0,0.0,0.0,0.0,0.0,100.0,possible_dates_not_orchard_damage,https://dpmreporter.disaster.go.th/portal/disaster-news/6411
6411,22,2024-05-31,flood,อ.เมืองจันทบุรี,local_report_not_province_wide_exposure,2024,4,120,179881.0,0.0,0.0,0.0,0.0,0.0,0.0,100.0,possible_dates_not_orchard_damage,https://dpmreporter.disaster.go.th/portal/disaster-news/6411
6411,22,2024-05-31,flood,อ.เมืองจันทบุรี,local_report_not_province_wide_exposure,2024,4,130,179881.0,0.0,0.0,0.0,0.0,0.0,0.0,100.0,possible_dates_not_orchard_damage,https://dpmreporter.disaster.go.th/portal/disaster-news/6411
6411,22,2024-05-31,flood,อ.เมืองจันทบุรี,local_report_not_province_wide_exposure,2024,4,140,179881.0,0.0,0.0,0.0,0.0,0.0,0.0,100.0,possible_dates_not_orchard_damage,https://dpmreporter.disaster.go.th/portal/disaster-news/6411
6411,22,2024-05-31,flood,อ.เมืองจันทบุรี,local_report_not_province_wide_exposure,2024,4,150,179881.0,0.0,0.0,0.0,0.0,0.0,0.0,100.0,possible_dates_not_orchard_damage,https://dpmreporter.disaster.go.th/portal/disaster-news/6411
6411,22,2024-05-31,flood,อ.เมืองจันทบุรี,local_report_not_province_wide_exposure,2024,5,120,243460.0,0.0,0.0,0.0,0.0,0.0,0.0,100.0,possible_dates_not_orchard_damage,https://dpmreporter.disaster.go.th/portal/disaster-news/6411
6411,22,2024-05-31,flood,อ.เมืองจันทบุรี,local_report_not_province_wide_exposure,2024,5,130,243460.0,0.0,0.0,0.0,0.0,0.0,0.0,100.0,possible_dates_not_orchard_damage,https://dpmreporter.disaster.go.th/portal/disaster-news/6411
6411,22,2024-05-31,flood,อ.เมืองจันทบุรี,local_report_not_province_wide_exposure,2024,5,140,243460.0,0.0,0.0,0.0,0.0,0.0,0.0,100.0,possible_dates_not_orchard_damage,https://dpmreporter.disaster.go.th/portal/disaster-news/6411
6411,22,2024-05-31,flood,อ.เมืองจันทบุรี,local_report_not_province_wide_exposure,2024,5,150,243460.0,0.0,0.0,0.0,0.0,0.0,0.0,100.0,possible_dates_not_orchard_damage,https://dpmreporter.disaster.go.th/portal/disaster-news/6411
6411,22,2024-05-31,flood,อ.เมืองจันทบุรี,local_report_not_province_wide_exposure,2024,6,120,20819.0,0.0,0.0,0.0,0.0,0.0,100.0,0.0,possible_dates_not_orchard_damage,https://dpmreporter.disaster.go.th/portal/disaster-news/6411
6411,22,2024-05-31,flood,อ.เมืองจันทบุรี,local_report_not_province_wide_exposure,2024,6,130,20819.0,0.0,0.0,0.0,0.0,0.0,100.0,0.0,possible_dates_not_orchard_damage,https://dpmreporter.disaster.go.th/portal/disaster-news/6411
6411,22,2024-05-31,flood,อ.เมืองจันทบุรี,local_report_not_province_wide_exposure,2024,6,140,20819.0,0.0,0.0,0.0,0.0,0.0,100.0,0.0,possible_dates_not_orchard_damage,https://dpmreporter.disaster.go.th/portal/disaster-news/6411
6411,22,2024-05-31,flood,อ.เมืองจันทบุรี,local_report_not_province_wide_exposure,2024,6,150,20819.0,0.0,0.0,0.0,0.0,0.0,100.0,0.0,possible_dates_not_orchard_damage,https://dpmreporter.disaster.go.th/portal/disaster-news/6411
6557,22,2024-07-27,flood,อ.มะขาม; อ.ขลุง; อ.โป่งน้ำร้อน,local_report_not_province_wide_exposure,2024,1,120,45.0,0.0,0.0,0.0,0.0,0.0,0.0,100.0,possible_dates_not_orchard_damage,https://dpmreporter.disaster.go.th/portal/disaster-news/6557
6557,22,2024-07-27,flood,อ.มะขาม; อ.ขลุง; อ.โป่งน้ำร้อน,local_report_not_province_wide_exposure,2024,1,130,45.0,0.0,0.0,0.0,0.0,0.0,0.0,100.0,possible_dates_not_orchard_damage,https://dpmreporter.disaster.go.th/portal/disaster-news/6557
6557,22,2024-07-27,flood,อ.มะขาม; อ.ขลุง; อ.โป่งน้ำร้อน,local_report_not_province_wide_exposure,2024,1,140,45.0,0.0,0.0,0.0,0.0,0.0,0.0,100.0,possible_dates_not_orchard_damage,https://dpmreporter.disaster.go.th/portal/disaster-news/6557
6557,22,2024-07-27,flood,อ.มะขาม; อ.ขลุง; อ.โป่งน้ำร้อน,local_report_not_province_wide_exposure,2024,1,150,45.0,0.0,0.0,0.0,0.0,0.0,0.0,100.0,possible_dates_not_orchard_damage,https://dpmreporter.disaster.go.th/portal/disaster-news/6557
6557,22,2024-07-27,flood,อ.มะขาม; อ.ขลุง; อ.โป่งน้ำร้อน,local_report_not_province_wide_exposure,2024,2,120,404.0,0.0,0.0,0.0,0.0,0.0,0.0,100.0,possible_dates_not_orchard_damage,https://dpmreporter.disaster.go.th/portal/disaster-news/6557
6557,22,2024-07-27,flood,อ.มะขาม; อ.ขลุง; อ.โป่งน้ำร้อน,local_report_not_province_wide_exposure,2024,2,130,404.0,0.0,0.0,0.0,0.0,0.0,0.0,100.0,possible_dates_not_orchard_damage,https://dpmreporter.disaster.go.th/portal/disaster-news/6557
6557,22,2024-07-27,flood,อ.มะขาม; อ.ขลุง; อ.โป่งน้ำร้อน,local_report_not_province_wide_exposure,2024,2,140,404.0,0.0,0.0,0.0,0.0,0.0,0.0,100.0,possible_dates_not_orchard_damage,https://dpmreporter.disaster.go.th/portal/disaster-news/6557
6557,22,2024-07-27,flood,อ.มะขาม; อ.ขลุง; อ.โป่งน้ำร้อน,local_report_not_province_wide_exposure,2024,2,150,404.0,0.0,0.0,0.0,0.0,0.0,0.0,100.0,possible_dates_not_orchard_damage,https://dpmreporter.disaster.go.th/portal/disaster-news/6557
6557,22,2024-07-27,flood,อ.มะขาม; อ.ขลุง; อ.โป่งน้ำร้อน,local_report_not_province_wide_exposure,2024,3,120,4083.0,0.0,0.0,0.0,0.0,0.0,0.0,100.0,possible_dates_not_orchard_damage,https://dpmreporter.disaster.go.th/portal/disaster-news/6557
6557,22,2024-07-27,flood,อ.มะขาม; อ.ขลุง; อ.โป่งน้ำร้อน,local_report_not_province_wide_exposure,2024,3,130,4083.0,0.0,0.0,0.0,0.0,0.0,0.0,100.0,possible_dates_not_orchard_damage,https://dpmreporter.disaster.go.th/portal/disaster-news/6557
6557,22,2024-07-27,flood,อ.มะขาม; อ.ขลุง; อ.โป่งน้ำร้อน,local_report_not_province_wide_exposure,2024,3,140,4083.0,0.0,0.0,0.0,0.0,0.0,0.0,100.0,possible_dates_not_orchard_damage,https://dpmreporter.disaster.go.th/portal/disaster-news/6557
6557,22,2024-07-27,flood,อ.มะขาม; อ.ขลุง; อ.โป่งน้ำร้อน,local_report_not_province_wide_exposure,2024,3,150,4083.0,0.0,0.0,0.0,0.0,0.0,0.0,100.0,possible_dates_not_orchard_damage,https://dpmreporter.disaster.go.th/portal/disaster-news/6557
6557,22,2024-07-27,flood,อ.มะขาม; อ.ขลุง; อ.โป่งน้ำร้อน,local_report_not_province_wide_exposure,2024,4,120,179881.0,0.0,0.0,0.0,0.0,0.0,0.0,100.0,possible_dates_not_orchard_damage,https://dpmreporter.disaster.go.th/portal/disaster-news/6557
6557,22,2024-07-27,flood,อ.มะขาม; อ.ขลุง; อ.โป่งน้ำร้อน,local_report_not_province_wide_exposure,2024,4,130,179881.0,0.0,0.0,0.0,0.0,0.0,0.0,100.0,possible_dates_not_orchard_damage,https://dpmreporter.disaster.go.th/portal/disaster-news/6557
6557,22,2024-07-27,flood,อ.มะขาม; อ.ขลุง; อ.โป่งน้ำร้อน,local_report_not_province_wide_exposure,2024,4,140,179881.0,0.0,0.0,0.0,0.0,0.0,0.0,100.0,possible_dates_not_orchard_damage,https://dpmreporter.disaster.go.th/portal/disaster-news/6557
6557,22,2024-07-27,flood,อ.มะขาม; อ.ขลุง; อ.โป่งน้ำร้อน,local_report_not_province_wide_exposure,2024,4,150,179881.0,0.0,0.0,0.0,0.0,0.0,0.0,100.0,possible_dates_not_orchard_damage,https://dpmreporter.disaster.go.th/portal/disaster-news/6557
6557,22,2024-07-27,flood,อ.มะขาม; อ.ขลุง; อ.โป่งน้ำร้อน,local_report_not_province_wide_exposure,2024,5,120,243460.0,0.0,0.0,0.0,0.0,0.0,0.0,100.0,possible_dates_not_orchard_damage,https://dpmreporter.disaster.go.th/portal/disaster-news/6557
6557,22,2024-07-27,flood,อ.มะขาม; อ.ขลุง; อ.โป่งน้ำร้อน,local_report_not_province_wide_exposure,2024,5,130,243460.0,0.0,0.0,0.0,0.0,0.0,0.0,100.0,possible_dates_not_orchard_damage,https://dpmreporter.disaster.go.th/portal/disaster-news/6557
6557,22,2024-07-27,flood,อ.มะขาม; อ.ขลุง; อ.โป่งน้ำร้อน,local_report_not_province_wide_exposure,2024,5,140,243460.0,0.0,0.0,0.0,0.0,0.0,0.0,100.0,possible_dates_not_orchard_damage,https://dpmreporter.disaster.go.th/portal/disaster-news/6557
6557,22,2024-07-27,flood,อ.มะขาม; อ.ขลุง; อ.โป่งน้ำร้อน,local_report_not_province_wide_exposure,2024,5,150,243460.0,0.0,0.0,0.0,0.0,0.0,0.0,100.0,possible_dates_not_orchard_damage,https://dpmreporter.disaster.go.th/portal/disaster-news/6557
6557,22,2024-07-27,flood,อ.มะขาม; อ.ขลุง; อ.โป่งน้ำร้อน,local_report_not_province_wide_exposure,2024,6,120,20819.0,0.0,0.0,0.0,0.0,0.0,0.0,100.0,possible_dates_not_orchard_damage,https://dpmreporter.disaster.go.th/portal/disaster-news/6557
6557,22,2024-07-27,flood,อ.มะขาม; อ.ขลุง; อ.โป่งน้ำร้อน,local_report_not_province_wide_exposure,2024,6,130,20819.0,0.0,0.0,0.0,0.0,0.0,0.0,100.0,possible_dates_not_orchard_damage,https://dpmreporter.disaster.go.th/portal/disaster-news/6557
6557,22,2024-07-27,flood,อ.มะขาม; อ.ขลุง; อ.โป่งน้ำร้อน,local_report_not_province_wide_exposure,2024,6,140,20819.0,0.0,0.0,0.0,0.0,0.0,0.0,100.0,possible_dates_not_orchard_damage,https://dpmreporter.disaster.go.th/portal/disaster-news/6557
6557,22,2024-07-27,flood,อ.มะขาม; อ.ขลุง; อ.โป่งน้ำร้อน,local_report_not_province_wide_exposure,2024,6,150,20819.0,0.0,0.0,0.0,0.0,0.0,0.0,100.0,possible_dates_not_orchard_damage,https://dpmreporter.disaster.go.th/portal/disaster-news/6557
6557,22,2024-07-27,flood,อ.มะขาม; อ.ขลุง; อ.โป่งน้ำร้อน,local_report_not_province_wide_exposure,2025,2,120,518.0,21.428571428571427,78.57142857142857,0.0,0.0,0.0,0.0,0.0,possible_dates_not_orchard_damage,https://dpmreporter.disaster.go.th/portal/disaster-news/6557
6557,22,2024-07-27,flood,อ.มะขาม; อ.ขลุง; อ.โป่งน้ำร้อน,local_report_not_province_wide_exposure,2025,2,130,518.0,0.0,100.0,0.0,0.0,0.0,0.0,0.0,possible_dates_not_orchard_damage,https://dpmreporter.disaster.go.th/portal/disaster-news/6557
6557,22,2024-07-27,flood,อ.มะขาม; อ.ขลุง; อ.โป่งน้ำร้อน,local_report_not_province_wide_exposure,2025,2,140,518.0,0.0,100.0,0.0,0.0,0.0,0.0,0.0,possible_dates_not_orchard_damage,https://dpmreporter.disaster.go.th/portal/disaster-news/6557
6557,22,2024-07-27,flood,อ.มะขาม; อ.ขลุง; อ.โป่งน้ำร้อน,local_report_not_province_wide_exposure,2025,2,150,518.0,0.0,100.0,0.0,0.0,0.0,0.0,0.0,possible_dates_not_orchard_damage,https://dpmreporter.disaster.go.th/portal/disaster-news/6557
6557,22,2024-07-27,flood,อ.มะขาม; อ.ขลุง; อ.โป่งน้ำร้อน,local_report_not_province_wide_exposure,2025,3,130,7541.0,87.09677419354838,12.903225806451612,0.0,0.0,0.0,0.0,0.0,possible_dates_not_orchard_damage,https://dpmreporter.disaster.go.th/portal/disaster-news/6557
6557,22,2024-07-27,flood,อ.มะขาม; อ.ขลุง; อ.โป่งน้ำร้อน,local_report_not_province_wide_exposure,2025,3,140,7541.0,54.83870967741935,45.16129032258065,0.0,0.0,0.0,0.0,0.0,possible_dates_not_orchard_damage,https://dpmreporter.disaster.go.th/portal/disaster-news/6557
6557,22,2024-07-27,flood,อ.มะขาม; อ.ขลุง; อ.โป่งน้ำร้อน,local_report_not_province_wide_exposure,2025,3,150,7541.0,22.580645161290324,77.41935483870968,0.0,0.0,0.0,0.0,0.0,possible_dates_not_orchard_damage,https://dpmreporter.disaster.go.th/portal/disaster-news/6557
3435,33,2022-07-26,windstorm,อ.ขุนหาญ; อ.พยุห์,local_report_not_province_wide_exposure,2022,5,120,399.0,0.0,0.0,0.0,0.0,0.0,0.0,100.0,possible_dates_not_orchard_damage,https://dpmreporter.disaster.go.th/portal/disaster-news/3435
3435,33,2022-07-26,windstorm,อ.ขุนหาญ; อ.พยุห์,local_report_not_province_wide_exposure,2022,5,130,399.0,0.0,0.0,0.0,0.0,0.0,0.0,100.0,possible_dates_not_orchard_damage,https://dpmreporter.disaster.go.th/portal/disaster-news/3435
3435,33,2022-07-26,windstorm,อ.ขุนหาญ; อ.พยุห์,local_report_not_province_wide_exposure,2022,5,140,399.0,0.0,0.0,0.0,0.0,0.0,0.0,100.0,possible_dates_not_orchard_damage,https://dpmreporter.disaster.go.th/portal/disaster-news/3435
3435,33,2022-07-26,windstorm,อ.ขุนหาญ; อ.พยุห์,local_report_not_province_wide_exposure,2022,5,150,399.0,0.0,0.0,0.0,0.0,0.0,0.0,100.0,possible_dates_not_orchard_damage,https://dpmreporter.disaster.go.th/portal/disaster-news/3435
3435,33,2022-07-26,windstorm,อ.ขุนหาญ; อ.พยุห์,local_report_not_province_wide_exposure,2022,6,120,4297.0,0.0,0.0,0.0,0.0,0.0,0.0,100.0,possible_dates_not_orchard_damage,https://dpmreporter.disaster.go.th/portal/disaster-news/3435
3435,33,2022-07-26,windstorm,อ.ขุนหาญ; อ.พยุห์,local_report_not_province_wide_exposure,2022,6,130,4297.0,0.0,0.0,0.0,0.0,0.0,0.0,100.0,possible_dates_not_orchard_damage,https://dpmreporter.disaster.go.th/portal/disaster-news/3435
3435,33,2022-07-26,windstorm,อ.ขุนหาญ; อ.พยุห์,local_report_not_province_wide_exposure,2022,6,140,4297.0,0.0,0.0,0.0,0.0,0.0,0.0,100.0,possible_dates_not_orchard_damage,https://dpmreporter.disaster.go.th/portal/disaster-news/3435
3435,33,2022-07-26,windstorm,อ.ขุนหาญ; อ.พยุห์,local_report_not_province_wide_exposure,2022,6,150,4297.0,0.0,0.0,0.0,0.0,0.0,0.0,100.0,possible_dates_not_orchard_damage,https://dpmreporter.disaster.go.th/portal/disaster-news/3435
3435,33,2022-07-26,windstorm,อ.ขุนหาญ; อ.พยุห์,local_report_not_province_wide_exposure,2022,7,120,3500.0,0.0,0.0,0.0,0.0,0.0,16.129032258064516,83.87096774193549,possible_dates_not_orchard_damage,https://dpmreporter.disaster.go.th/portal/disaster-news/3435
3435,33,2022-07-26,windstorm,อ.ขุนหาญ; อ.พยุห์,local_report_not_province_wide_exposure,2022,7,130,3500.0,0.0,0.0,0.0,0.0,0.0,16.129032258064516,83.87096774193549,possible_dates_not_orchard_damage,https://dpmreporter.disaster.go.th/portal/disaster-news/3435
3435,33,2022-07-26,windstorm,อ.ขุนหาญ; อ.พยุห์,local_report_not_province_wide_exposure,2022,7,140,3500.0,0.0,0.0,0.0,0.0,0.0,16.129032258064516,83.87096774193549,possible_dates_not_orchard_damage,https://dpmreporter.disaster.go.th/portal/disaster-news/3435
3435,33,2022-07-26,windstorm,อ.ขุนหาญ; อ.พยุห์,local_report_not_province_wide_exposure,2022,7,150,3500.0,0.0,0.0,0.0,0.0,0.0,16.129032258064516,83.87096774193549,possible_dates_not_orchard_damage,https://dpmreporter.disaster.go.th/portal/disaster-news/3435
3435,33,2022-07-26,windstorm,อ.ขุนหาญ; อ.พยุห์,local_report_not_province_wide_exposure,2022,8,120,39.0,0.0,0.0,0.0,0.0,19.35483870967742,80.64516129032258,0.0,possible_dates_not_orchard_damage,https://dpmreporter.disaster.go.th/portal/disaster-news/3435
3435,33,2022-07-26,windstorm,อ.ขุนหาญ; อ.พยุห์,local_report_not_province_wide_exposure,2022,8,130,39.0,0.0,0.0,0.0,0.0,0.0,100.0,0.0,possible_dates_not_orchard_damage,https://dpmreporter.disaster.go.th/portal/disaster-news/3435
3435,33,2022-07-26,windstorm,อ.ขุนหาญ; อ.พยุห์,local_report_not_province_wide_exposure,2022,8,140,39.0,0.0,0.0,0.0,0.0,0.0,100.0,0.0,possible_dates_not_orchard_damage,https://dpmreporter.disaster.go.th/portal/disaster-news/3435
3435,33,2022-07-26,windstorm,อ.ขุนหาญ; อ.พยุห์,local_report_not_province_wide_exposure,2022,8,150,39.0,0.0,0.0,0.0,0.0,0.0,100.0,0.0,possible_dates_not_orchard_damage,https://dpmreporter.disaster.go.th/portal/disaster-news/3435
6261,53,2024-05-03,windstorm,อ.เมืองอุตรดิตถ์; อ.ลับแล; อ.น้ำปาด; อ.ตรอน; อ.พิชัย; อ.บ้านโคก; อ.ฟากท่า; อ.ท่าปลา; อ.ทองแสนขัน,local_report_not_province_wide_exposure,2024,4,120,1021.0,0.0,0.0,0.0,0.0,0.0,0.0,100.0,possible_dates_not_orchard_damage,https://dpmreporter.disaster.go.th/portal/disaster-news/6261
6261,53,2024-05-03,windstorm,อ.เมืองอุตรดิตถ์; อ.ลับแล; อ.น้ำปาด; อ.ตรอน; อ.พิชัย; อ.บ้านโคก; อ.ฟากท่า; อ.ท่าปลา; อ.ทองแสนขัน,local_report_not_province_wide_exposure,2024,4,130,1021.0,0.0,0.0,0.0,0.0,0.0,0.0,100.0,possible_dates_not_orchard_damage,https://dpmreporter.disaster.go.th/portal/disaster-news/6261
6261,53,2024-05-03,windstorm,อ.เมืองอุตรดิตถ์; อ.ลับแล; อ.น้ำปาด; อ.ตรอน; อ.พิชัย; อ.บ้านโคก; อ.ฟากท่า; อ.ท่าปลา; อ.ทองแสนขัน,local_report_not_province_wide_exposure,2024,4,140,1021.0,0.0,0.0,0.0,0.0,0.0,0.0,100.0,possible_dates_not_orchard_damage,https://dpmreporter.disaster.go.th/portal/disaster-news/6261
6261,53,2024-05-03,windstorm,อ.เมืองอุตรดิตถ์; อ.ลับแล; อ.น้ำปาด; อ.ตรอน; อ.พิชัย; อ.บ้านโคก; อ.ฟากท่า; อ.ท่าปลา; อ.ทองแสนขัน,local_report_not_province_wide_exposure,2024,4,150,1021.0,0.0,0.0,0.0,0.0,0.0,0.0,100.0,possible_dates_not_orchard_damage,https://dpmreporter.disaster.go.th/portal/disaster-news/6261
6261,53,2024-05-03,windstorm,อ.เมืองอุตรดิตถ์; อ.ลับแล; อ.น้ำปาด; อ.ตรอน; อ.พิชัย; อ.บ้านโคก; อ.ฟากท่า; อ.ท่าปลา; อ.ทองแสนขัน,local_report_not_province_wide_exposure,2024,5,120,1701.0,0.0,0.0,0.0,0.0,0.0,90.3225806451613,9.67741935483871,possible_dates_not_orchard_damage,https://dpmreporter.disaster.go.th/portal/disaster-news/6261
6261,53,2024-05-03,windstorm,อ.เมืองอุตรดิตถ์; อ.ลับแล; อ.น้ำปาด; อ.ตรอน; อ.พิชัย; อ.บ้านโคก; อ.ฟากท่า; อ.ท่าปลา; อ.ทองแสนขัน,local_report_not_province_wide_exposure,2024,5,130,1701.0,0.0,0.0,0.0,0.0,0.0,90.3225806451613,9.67741935483871,possible_dates_not_orchard_damage,https://dpmreporter.disaster.go.th/portal/disaster-news/6261
6261,53,2024-05-03,windstorm,อ.เมืองอุตรดิตถ์; อ.ลับแล; อ.น้ำปาด; อ.ตรอน; อ.พิชัย; อ.บ้านโคก; อ.ฟากท่า; อ.ท่าปลา; อ.ทองแสนขัน,local_report_not_province_wide_exposure,2024,5,140,1701.0,0.0,0.0,0.0,0.0,0.0,90.3225806451613,9.67741935483871,possible_dates_not_orchard_damage,https://dpmreporter.disaster.go.th/portal/disaster-news/6261
6261,53,2024-05-03,windstorm,อ.เมืองอุตรดิตถ์; อ.ลับแล; อ.น้ำปาด; อ.ตรอน; อ.พิชัย; อ.บ้านโคก; อ.ฟากท่า; อ.ท่าปลา; อ.ทองแสนขัน,local_report_not_province_wide_exposure,2024,5,150,1701.0,0.0,0.0,0.0,0.0,0.0,90.3225806451613,9.67741935483871,possible_dates_not_orchard_damage,https://dpmreporter.disaster.go.th/portal/disaster-news/6261
6261,53,2024-05-03,windstorm,อ.เมืองอุตรดิตถ์; อ.ลับแล; อ.น้ำปาด; อ.ตรอน; อ.พิชัย; อ.บ้านโคก; อ.ฟากท่า; อ.ท่าปลา; อ.ทองแสนขัน,local_report_not_province_wide_exposure,2024,6,120,3403.0,0.0,0.0,0.0,0.0,93.33333333333333,6.666666666666667,0.0,possible_dates_not_orchard_damage,https://dpmreporter.disaster.go.th/portal/disaster-news/6261
6261,53,2024-05-03,windstorm,อ.เมืองอุตรดิตถ์; อ.ลับแล; อ.น้ำปาด; อ.ตรอน; อ.พิชัย; อ.บ้านโคก; อ.ฟากท่า; อ.ท่าปลา; อ.ทองแสนขัน,local_report_not_province_wide_exposure,2024,6,130,3403.0,0.0,0.0,0.0,0.0,60.0,40.0,0.0,possible_dates_not_orchard_damage,https://dpmreporter.disaster.go.th/portal/disaster-news/6261
6261,53,2024-05-03,windstorm,อ.เมืองอุตรดิตถ์; อ.ลับแล; อ.น้ำปาด; อ.ตรอน; อ.พิชัย; อ.บ้านโคก; อ.ฟากท่า; อ.ท่าปลา; อ.ทองแสนขัน,local_report_not_province_wide_exposure,2024,6,140,3403.0,0.0,0.0,0.0,0.0,26.666666666666668,73.33333333333333,0.0,possible_dates_not_orchard_damage,https://dpmreporter.disaster.go.th/portal/disaster-news/6261
6261,53,2024-05-03,windstorm,อ.เมืองอุตรดิตถ์; อ.ลับแล; อ.น้ำปาด; อ.ตรอน; อ.พิชัย; อ.บ้านโคก; อ.ฟากท่า; อ.ท่าปลา; อ.ทองแสนขัน,local_report_not_province_wide_exposure,2024,6,150,3403.0,0.0,0.0,0.0,0.0,0.0,100.0,0.0,possible_dates_not_orchard_damage,https://dpmreporter.disaster.go.th/portal/disaster-news/6261
6261,53,2024-05-03,windstorm,อ.เมืองอุตรดิตถ์; อ.ลับแล; อ.น้ำปาด; อ.ตรอน; อ.พิชัย; อ.บ้านโคก; อ.ฟากท่า; อ.ท่าปลา; อ.ทองแสนขัน,local_report_not_province_wide_exposure,2024,7,120,14292.0,0.0,0.0,0.0,93.54838709677419,6.451612903225806,0.0,0.0,possible_dates_not_orchard_damage,https://dpmreporter.disaster.go.th/portal/disaster-news/6261
6261,53,2024-05-03,windstorm,อ.เมืองอุตรดิตถ์; อ.ลับแล; อ.น้ำปาด; อ.ตรอน; อ.พิชัย; อ.บ้านโคก; อ.ฟากท่า; อ.ท่าปลา; อ.ทองแสนขัน,local_report_not_province_wide_exposure,2024,7,130,14292.0,0.0,0.0,0.0,61.29032258064516,38.70967741935484,0.0,0.0,possible_dates_not_orchard_damage,https://dpmreporter.disaster.go.th/portal/disaster-news/6261
6261,53,2024-05-03,windstorm,อ.เมืองอุตรดิตถ์; อ.ลับแล; อ.น้ำปาด; อ.ตรอน; อ.พิชัย; อ.บ้านโคก; อ.ฟากท่า; อ.ท่าปลา; อ.ทองแสนขัน,local_report_not_province_wide_exposure,2024,7,140,14292.0,0.0,0.0,0.0,29.032258064516128,70.96774193548387,0.0,0.0,possible_dates_not_orchard_damage,https://dpmreporter.disaster.go.th/portal/disaster-news/6261
6261,53,2024-05-03,windstorm,อ.เมืองอุตรดิตถ์; อ.ลับแล; อ.น้ำปาด; อ.ตรอน; อ.พิชัย; อ.บ้านโคก; อ.ฟากท่า; อ.ท่าปลา; อ.ทองแสนขัน,local_report_not_province_wide_exposure,2024,7,150,14292.0,0.0,0.0,0.0,0.0,93.54838709677419,6.451612903225806,0.0,possible_dates_not_orchard_damage,https://dpmreporter.disaster.go.th/portal/disaster-news/6261
6261,53,2024-05-03,windstorm,อ.เมืองอุตรดิตถ์; อ.ลับแล; อ.น้ำปาด; อ.ตรอน; อ.พิชัย; อ.บ้านโคก; อ.ฟากท่า; อ.ท่าปลา; อ.ทองแสนขัน,local_report_not_province_wide_exposure,2024,8,120,10208.0,0.0,0.0,96.7741935483871,3.225806451612903,0.0,0.0,0.0,possible_dates_not_orchard_damage,https://dpmreporter.disaster.go.th/portal/disaster-news/6261
6261,53,2024-05-03,windstorm,อ.เมืองอุตรดิตถ์; อ.ลับแล; อ.น้ำปาด; อ.ตรอน; อ.พิชัย; อ.บ้านโคก; อ.ฟากท่า; อ.ท่าปลา; อ.ทองแสนขัน,local_report_not_province_wide_exposure,2024,8,130,10208.0,0.0,0.0,64.51612903225806,35.483870967741936,0.0,0.0,0.0,possible_dates_not_orchard_damage,https://dpmreporter.disaster.go.th/portal/disaster-news/6261
6261,53,2024-05-03,windstorm,อ.เมืองอุตรดิตถ์; อ.ลับแล; อ.น้ำปาด; อ.ตรอน; อ.พิชัย; อ.บ้านโคก; อ.ฟากท่า; อ.ท่าปลา; อ.ทองแสนขัน,local_report_not_province_wide_exposure,2024,8,140,10208.0,0.0,0.0,32.25806451612903,67.74193548387096,0.0,0.0,0.0,possible_dates_not_orchard_damage,https://dpmreporter.disaster.go.th/portal/disaster-news/6261
6261,53,2024-05-03,windstorm,อ.เมืองอุตรดิตถ์; อ.ลับแล; อ.น้ำปาด; อ.ตรอน; อ.พิชัย; อ.บ้านโคก; อ.ฟากท่า; อ.ท่าปลา; อ.ทองแสนขัน,local_report_not_province_wide_exposure,2024,8,150,10208.0,0.0,0.0,0.0,96.7741935483871,3.225806451612903,0.0,0.0,possible_dates_not_orchard_damage,https://dpmreporter.disaster.go.th/portal/disaster-news/6261
6261,53,2024-05-03,windstorm,อ.เมืองอุตรดิตถ์; อ.ลับแล; อ.น้ำปาด; อ.ตรอน; อ.พิชัย; อ.บ้านโคก; อ.ฟากท่า; อ.ท่าปลา; อ.ทองแสนขัน,local_report_not_province_wide_exposure,2024,9,120,3403.0,0.0,100.0,0.0,0.0,0.0,0.0,0.0,possible_dates_not_orchard_damage,https://dpmreporter.disaster.go.th/portal/disaster-news/6261
6261,53,2024-05-03,windstorm,อ.เมืองอุตรดิตถ์; อ.ลับแล; อ.น้ำปาด; อ.ตรอน; อ.พิชัย; อ.บ้านโคก; อ.ฟากท่า; อ.ท่าปลา; อ.ทองแสนขัน,local_report_not_province_wide_exposure,2024,9,130,3403.0,0.0,66.66666666666667,33.333333333333336,0.0,0.0,0.0,0.0,possible_dates_not_orchard_damage,https://dpmreporter.disaster.go.th/portal/disaster-news/6261
6261,53,2024-05-03,windstorm,อ.เมืองอุตรดิตถ์; อ.ลับแล; อ.น้ำปาด; อ.ตรอน; อ.พิชัย; อ.บ้านโคก; อ.ฟากท่า; อ.ท่าปลา; อ.ทองแสนขัน,local_report_not_province_wide_exposure,2024,9,140,3403.0,0.0,33.333333333333336,66.66666666666667,0.0,0.0,0.0,0.0,possible_dates_not_orchard_damage,https://dpmreporter.disaster.go.th/portal/disaster-news/6261
6261,53,2024-05-03,windstorm,อ.เมืองอุตรดิตถ์; อ.ลับแล; อ.น้ำปาด; อ.ตรอน; อ.พิชัย; อ.บ้านโคก; อ.ฟากท่า; อ.ท่าปลา; อ.ทองแสนขัน,local_report_not_province_wide_exposure,2024,9,150,3403.0,0.0,0.0,100.0,0.0,0.0,0.0,0.0,possible_dates_not_orchard_damage,https://dpmreporter.disaster.go.th/portal/disaster-news/6261
7428,84,2025-02-24,flood,อ.ดอนสัก; อ.เกาะพะงัน; อ.เกาะสมุย; อ.บ้านนาสาร,local_report_not_province_wide_exposure,2025,1,120,877.0,0.0,0.0,0.0,0.0,0.0,0.0,100.0,possible_dates_not_orchard_damage,https://dpmreporter.disaster.go.th/portal/disaster-news/7428
7428,84,2025-02-24,flood,อ.ดอนสัก; อ.เกาะพะงัน; อ.เกาะสมุย; อ.บ้านนาสาร,local_report_not_province_wide_exposure,2025,1,130,877.0,0.0,0.0,0.0,0.0,0.0,0.0,100.0,possible_dates_not_orchard_damage,https://dpmreporter.disaster.go.th/portal/disaster-news/7428
7428,84,2025-02-24,flood,อ.ดอนสัก; อ.เกาะพะงัน; อ.เกาะสมุย; อ.บ้านนาสาร,local_report_not_province_wide_exposure,2025,1,140,877.0,0.0,0.0,0.0,0.0,0.0,0.0,100.0,possible_dates_not_orchard_damage,https://dpmreporter.disaster.go.th/portal/disaster-news/7428
7428,84,2025-02-24,flood,อ.ดอนสัก; อ.เกาะพะงัน; อ.เกาะสมุย; อ.บ้านนาสาร,local_report_not_province_wide_exposure,2025,1,150,877.0,0.0,0.0,0.0,0.0,0.0,0.0,100.0,possible_dates_not_orchard_damage,https://dpmreporter.disaster.go.th/portal/disaster-news/7428
7428,84,2025-02-24,flood,อ.ดอนสัก; อ.เกาะพะงัน; อ.เกาะสมุย; อ.บ้านนาสาร,local_report_not_province_wide_exposure,2025,2,120,336.0,0.0,0.0,0.0,0.0,0.0,14.285714285714286,85.71428571428571,possible_dates_not_orchard_damage,https://dpmreporter.disaster.go.th/portal/disaster-news/7428
7428,84,2025-02-24,flood,อ.ดอนสัก; อ.เกาะพะงัน; อ.เกาะสมุย; อ.บ้านนาสาร,local_report_not_province_wide_exposure,2025,2,130,336.0,0.0,0.0,0.0,0.0,0.0,14.285714285714286,85.71428571428571,possible_dates_not_orchard_damage,https://dpmreporter.disaster.go.th/portal/disaster-news/7428
7428,84,2025-02-24,flood,อ.ดอนสัก; อ.เกาะพะงัน; อ.เกาะสมุย; อ.บ้านนาสาร,local_report_not_province_wide_exposure,2025,2,140,336.0,0.0,0.0,0.0,0.0,0.0,14.285714285714286,85.71428571428571,possible_dates_not_orchard_damage,https://dpmreporter.disaster.go.th/portal/disaster-news/7428
7428,84,2025-02-24,flood,อ.ดอนสัก; อ.เกาะพะงัน; อ.เกาะสมุย; อ.บ้านนาสาร,local_report_not_province_wide_exposure,2025,2,150,336.0,0.0,0.0,0.0,0.0,0.0,14.285714285714286,85.71428571428571,possible_dates_not_orchard_damage,https://dpmreporter.disaster.go.th/portal/disaster-news/7428
7428,84,2025-02-24,flood,อ.ดอนสัก; อ.เกาะพะงัน; อ.เกาะสมุย; อ.บ้านนาสาร,local_report_not_province_wide_exposure,2025,3,120,52.0,0.0,0.0,0.0,0.0,16.129032258064516,83.87096774193549,0.0,possible_dates_not_orchard_damage,https://dpmreporter.disaster.go.th/portal/disaster-news/7428
7428,84,2025-02-24,flood,อ.ดอนสัก; อ.เกาะพะงัน; อ.เกาะสมุย; อ.บ้านนาสาร,local_report_not_province_wide_exposure,2025,3,130,52.0,0.0,0.0,0.0,0.0,0.0,100.0,0.0,possible_dates_not_orchard_damage,https://dpmreporter.disaster.go.th/portal/disaster-news/7428
7428,84,2025-02-24,flood,อ.ดอนสัก; อ.เกาะพะงัน; อ.เกาะสมุย; อ.บ้านนาสาร,local_report_not_province_wide_exposure,2025,3,140,52.0,0.0,0.0,0.0,0.0,0.0,100.0,0.0,possible_dates_not_orchard_damage,https://dpmreporter.disaster.go.th/portal/disaster-news/7428
7428,84,2025-02-24,flood,อ.ดอนสัก; อ.เกาะพะงัน; อ.เกาะสมุย; อ.บ้านนาสาร,local_report_not_province_wide_exposure,2025,3,150,52.0,0.0,0.0,0.0,0.0,0.0,100.0,0.0,possible_dates_not_orchard_damage,https://dpmreporter.disaster.go.th/portal/disaster-news/7428
7428,84,2025-02-24,flood,อ.ดอนสัก; อ.เกาะพะงัน; อ.เกาะสมุย; อ.บ้านนาสาร,local_report_not_province_wide_exposure,2025,5,120,148.0,0.0,0.0,19.35483870967742,80.64516129032258,0.0,0.0,0.0,possible_dates_not_orchard_damage,https://dpmreporter.disaster.go.th/portal/disaster-news/7428
7428,84,2025-02-24,flood,อ.ดอนสัก; อ.เกาะพะงัน; อ.เกาะสมุย; อ.บ้านนาสาร,local_report_not_province_wide_exposure,2025,5,130,148.0,0.0,0.0,0.0,83.87096774193549,16.129032258064516,0.0,0.0,possible_dates_not_orchard_damage,https://dpmreporter.disaster.go.th/portal/disaster-news/7428
7428,84,2025-02-24,flood,อ.ดอนสัก; อ.เกาะพะงัน; อ.เกาะสมุย; อ.บ้านนาสาร,local_report_not_province_wide_exposure,2025,5,140,148.0,0.0,0.0,0.0,51.61290322580645,48.38709677419355,0.0,0.0,possible_dates_not_orchard_damage,https://dpmreporter.disaster.go.th/portal/disaster-news/7428
7428,84,2025-02-24,flood,อ.ดอนสัก; อ.เกาะพะงัน; อ.เกาะสมุย; อ.บ้านนาสาร,local_report_not_province_wide_exposure,2025,5,150,148.0,0.0,0.0,0.0,19.35483870967742,80.64516129032258,0.0,0.0,possible_dates_not_orchard_damage,https://dpmreporter.disaster.go.th/portal/disaster-news/7428
7428,84,2025-02-24,flood,อ.ดอนสัก; อ.เกาะพะงัน; อ.เกาะสมุย; อ.บ้านนาสาร,local_report_not_province_wide_exposure,2025,6,120,9297.0,0.0,20.0,80.0,0.0,0.0,0.0,0.0,possible_dates_not_orchard_damage,https://dpmreporter.disaster.go.th/portal/disaster-news/7428
7428,84,2025-02-24,flood,อ.ดอนสัก; อ.เกาะพะงัน; อ.เกาะสมุย; อ.บ้านนาสาร,local_report_not_province_wide_exposure,2025,6,130,9297.0,0.0,0.0,86.66666666666667,13.333333333333334,0.0,0.0,0.0,possible_dates_not_orchard_damage,https://dpmreporter.disaster.go.th/portal/disaster-news/7428
7428,84,2025-02-24,flood,อ.ดอนสัก; อ.เกาะพะงัน; อ.เกาะสมุย; อ.บ้านนาสาร,local_report_not_province_wide_exposure,2025,6,140,9297.0,0.0,0.0,53.333333333333336,46.666666666666664,0.0,0.0,0.0,possible_dates_not_orchard_damage,https://dpmreporter.disaster.go.th/portal/disaster-news/7428
7428,84,2025-02-24,flood,อ.ดอนสัก; อ.เกาะพะงัน; อ.เกาะสมุย; อ.บ้านนาสาร,local_report_not_province_wide_exposure,2025,6,150,9297.0,0.0,0.0,20.0,80.0,0.0,0.0,0.0,possible_dates_not_orchard_damage,https://dpmreporter.disaster.go.th/portal/disaster-news/7428
7428,84,2025-02-24,flood,อ.ดอนสัก; อ.เกาะพะงัน; อ.เกาะสมุย; อ.บ้านนาสาร,local_report_not_province_wide_exposure,2025,7,120,33905.0,0.0,100.0,0.0,0.0,0.0,0.0,0.0,possible_dates_not_orchard_damage,https://dpmreporter.disaster.go.th/portal/disaster-news/7428
7428,84,2025-02-24,flood,อ.ดอนสัก; อ.เกาะพะงัน; อ.เกาะสมุย; อ.บ้านนาสาร,local_report_not_province_wide_exposure,2025,7,130,33905.0,0.0,87.09677419354838,12.903225806451612,0.0,0.0,0.0,0.0,possible_dates_not_orchard_damage,https://dpmreporter.disaster.go.th/portal/disaster-news/7428
7428,84,2025-02-24,flood,อ.ดอนสัก; อ.เกาะพะงัน; อ.เกาะสมุย; อ.บ้านนาสาร,local_report_not_province_wide_exposure,2025,7,140,33905.0,0.0,54.83870967741935,45.16129032258065,0.0,0.0,0.0,0.0,possible_dates_not_orchard_damage,https://dpmreporter.disaster.go.th/portal/disaster-news/7428
7428,84,2025-02-24,flood,อ.ดอนสัก; อ.เกาะพะงัน; อ.เกาะสมุย; อ.บ้านนาสาร,local_report_not_province_wide_exposure,2025,7,150,33905.0,0.0,22.580645161290324,77.41935483870968,0.0,0.0,0.0,0.0,possible_dates_not_orchard_damage,https://dpmreporter.disaster.go.th/portal/disaster-news/7428
7428,84,2025-02-24,flood,อ.ดอนสัก; อ.เกาะพะงัน; อ.เกาะสมุย; อ.บ้านนาสาร,local_report_not_province_wide_exposure,2025,8,120,23993.0,0.0,100.0,0.0,0.0,0.0,0.0,0.0,possible_dates_not_orchard_damage,https://dpmreporter.disaster.go.th/portal/disaster-news/7428
7428,84,2025-02-24,flood,อ.ดอนสัก; อ.เกาะพะงัน; อ.เกาะสมุย; อ.บ้านนาสาร,local_report_not_province_wide_exposure,2025,8,130,23993.0,0.0,100.0,0.0,0.0,0.0,0.0,0.0,possible_dates_not_orchard_damage,https://dpmreporter.disaster.go.th/portal/disaster-news/7428
7428,84,2025-02-24,flood,อ.ดอนสัก; อ.เกาะพะงัน; อ.เกาะสมุย; อ.บ้านนาสาร,local_report_not_province_wide_exposure,2025,8,140,23993.0,0.0,100.0,0.0,0.0,0.0,0.0,0.0,possible_dates_not_orchard_damage,https://dpmreporter.disaster.go.th/portal/disaster-news/7428
7428,84,2025-02-24,flood,อ.ดอนสัก; อ.เกาะพะงัน; อ.เกาะสมุย; อ.บ้านนาสาร,local_report_not_province_wide_exposure,2025,8,150,23993.0,0.0,100.0,0.0,0.0,0.0,0.0,0.0,possible_dates_not_orchard_damage,https://dpmreporter.disaster.go.th/portal/disaster-news/7428
7428,84,2025-02-24,flood,อ.ดอนสัก; อ.เกาะพะงัน; อ.เกาะสมุย; อ.บ้านนาสาร,local_report_not_province_wide_exposure,2025,9,120,5702.0,26.666666666666668,73.33333333333333,0.0,0.0,0.0,0.0,0.0,possible_dates_not_orchard_damage,https://dpmreporter.disaster.go.th/portal/disaster-news/7428
7428,84,2025-02-24,flood,อ.ดอนสัก; อ.เกาะพะงัน; อ.เกาะสมุย; อ.บ้านนาสาร,local_report_not_province_wide_exposure,2025,9,130,5702.0,0.0,100.0,0.0,0.0,0.0,0.0,0.0,possible_dates_not_orchard_damage,https://dpmreporter.disaster.go.th/portal/disaster-news/7428
7428,84,2025-02-24,flood,อ.ดอนสัก; อ.เกาะพะงัน; อ.เกาะสมุย; อ.บ้านนาสาร,local_report_not_province_wide_exposure,2025,9,140,5702.0,0.0,100.0,0.0,0.0,0.0,0.0,0.0,possible_dates_not_orchard_damage,https://dpmreporter.disaster.go.th/portal/disaster-news/7428
7428,84,2025-02-24,flood,อ.ดอนสัก; อ.เกาะพะงัน; อ.เกาะสมุย; อ.บ้านนาสาร,local_report_not_province_wide_exposure,2025,9,150,5702.0,0.0,100.0,0.0,0.0,0.0,0.0,0.0,possible_dates_not_orchard_damage,https://dpmreporter.disaster.go.th/portal/disaster-news/7428
7428,84,2025-02-24,flood,อ.ดอนสัก; อ.เกาะพะงัน; อ.เกาะสมุย; อ.บ้านนาสาร,local_report_not_province_wide_exposure,2025,10,120,150.0,100.0,0.0,0.0,0.0,0.0,0.0,0.0,possible_dates_not_orchard_damage,https://dpmreporter.disaster.go.th/portal/disaster-news/7428
7428,84,2025-02-24,flood,อ.ดอนสัก; อ.เกาะพะงัน; อ.เกาะสมุย; อ.บ้านนาสาร,local_report_not_province_wide_exposure,2025,10,130,150.0,93.54838709677419,6.451612903225806,0.0,0.0,0.0,0.0,0.0,possible_dates_not_orchard_damage,https://dpmreporter.disaster.go.th/portal/disaster-news/7428
7428,84,2025-02-24,flood,อ.ดอนสัก; อ.เกาะพะงัน; อ.เกาะสมุย; อ.บ้านนาสาร,local_report_not_province_wide_exposure,2025,10,140,150.0,61.29032258064516,38.70967741935484,0.0,0.0,0.0,0.0,0.0,possible_dates_not_orchard_damage,https://dpmreporter.disaster.go.th/portal/disaster-news/7428
7428,84,2025-02-24,flood,อ.ดอนสัก; อ.เกาะพะงัน; อ.เกาะสมุย; อ.บ้านนาสาร,local_report_not_province_wide_exposure,2025,10,150,150.0,29.032258064516128,70.96774193548387,0.0,0.0,0.0,0.0,0.0,possible_dates_not_orchard_damage,https://dpmreporter.disaster.go.th/portal/disaster-news/7428
7428,84,2025-02-24,flood,อ.ดอนสัก; อ.เกาะพะงัน; อ.เกาะสมุย; อ.บ้านนาสาร,local_report_not_province_wide_exposure,2025,11,120,2318.0,100.0,0.0,0.0,0.0,0.0,0.0,0.0,possible_dates_not_orchard_damage,https://dpmreporter.disaster.go.th/portal/disaster-news/7428
7428,84,2025-02-24,flood,อ.ดอนสัก; อ.เกาะพะงัน; อ.เกาะสมุย; อ.บ้านนาสาร,local_report_not_province_wide_exposure,2025,11,130,2318.0,100.0,0.0,0.0,0.0,0.0,0.0,0.0,possible_dates_not_orchard_damage,https://dpmreporter.disaster.go.th/portal/disaster-news/7428
7428,84,2025-02-24,flood,อ.ดอนสัก; อ.เกาะพะงัน; อ.เกาะสมุย; อ.บ้านนาสาร,local_report_not_province_wide_exposure,2025,11,140,2318.0,100.0,0.0,0.0,0.0,0.0,0.0,0.0,possible_dates_not_orchard_damage,https://dpmreporter.disaster.go.th/portal/disaster-news/7428
7428,84,2025-02-24,flood,อ.ดอนสัก; อ.เกาะพะงัน; อ.เกาะสมุย; อ.บ้านนาสาร,local_report_not_province_wide_exposure,2025,11,150,2318.0,100.0,0.0,0.0,0.0,0.0,0.0,0.0,possible_dates_not_orchard_damage,https://dpmreporter.disaster.go.th/portal/disaster-news/7428
7428,84,2025-02-24,flood,อ.ดอนสัก; อ.เกาะพะงัน; อ.เกาะสมุย; อ.บ้านนาสาร,local_report_not_province_wide_exposure,2025,12,120,3166.0,100.0,0.0,0.0,0.0,0.0,0.0,0.0,possible_dates_not_orchard_damage,https://dpmreporter.disaster.go.th/portal/disaster-news/7428
7428,84,2025-02-24,flood,อ.ดอนสัก; อ.เกาะพะงัน; อ.เกาะสมุย; อ.บ้านนาสาร,local_report_not_province_wide_exposure,2025,12,130,3166.0,100.0,0.0,0.0,0.0,0.0,0.0,0.0,possible_dates_not_orchard_damage,https://dpmreporter.disaster.go.th/portal/disaster-news/7428
7428,84,2025-02-24,flood,อ.ดอนสัก; อ.เกาะพะงัน; อ.เกาะสมุย; อ.บ้านนาสาร,local_report_not_province_wide_exposure,2025,12,140,3166.0,100.0,0.0,0.0,0.0,0.0,0.0,0.0,possible_dates_not_orchard_damage,https://dpmreporter.disaster.go.th/portal/disaster-news/7428
7428,84,2025-02-24,flood,อ.ดอนสัก; อ.เกาะพะงัน; อ.เกาะสมุย; อ.บ้านนาสาร,local_report_not_province_wide_exposure,2025,12,150,3166.0,100.0,0.0,0.0,0.0,0.0,0.0,0.0,possible_dates_not_orchard_damage,https://dpmreporter.disaster.go.th/portal/disaster-news/7428
6753,86,2024-09-16,flood,อ.พะโต๊ะ,local_report_not_province_wide_exposure,2024,1,120,2234.0,0.0,0.0,0.0,0.0,0.0,0.0,100.0,possible_dates_not_orchard_damage,https://dpmreporter.disaster.go.th/portal/disaster-news/6753
6753,86,2024-09-16,flood,อ.พะโต๊ะ,local_report_not_province_wide_exposure,2024,1,130,2234.0,0.0,0.0,0.0,0.0,0.0,0.0,100.0,possible_dates_not_orchard_damage,https://dpmreporter.disaster.go.th/portal/disaster-news/6753
6753,86,2024-09-16,flood,อ.พะโต๊ะ,local_report_not_province_wide_exposure,2024,1,140,2234.0,0.0,0.0,0.0,0.0,0.0,0.0,100.0,possible_dates_not_orchard_damage,https://dpmreporter.disaster.go.th/portal/disaster-news/6753
6753,86,2024-09-16,flood,อ.พะโต๊ะ,local_report_not_province_wide_exposure,2024,1,150,2234.0,0.0,0.0,0.0,0.0,0.0,0.0,100.0,possible_dates_not_orchard_damage,https://dpmreporter.disaster.go.th/portal/disaster-news/6753
6753,86,2024-09-16,flood,อ.พะโต๊ะ,local_report_not_province_wide_exposure,2024,2,120,1856.0,0.0,0.0,0.0,0.0,0.0,0.0,100.0,possible_dates_not_orchard_damage,https://dpmreporter.disaster.go.th/portal/disaster-news/6753
6753,86,2024-09-16,flood,อ.พะโต๊ะ,local_report_not_province_wide_exposure,2024,2,130,1856.0,0.0,0.0,0.0,0.0,0.0,0.0,100.0,possible_dates_not_orchard_damage,https://dpmreporter.disaster.go.th/portal/disaster-news/6753
6753,86,2024-09-16,flood,อ.พะโต๊ะ,local_report_not_province_wide_exposure,2024,2,140,1856.0,0.0,0.0,0.0,0.0,0.0,0.0,100.0,possible_dates_not_orchard_damage,https://dpmreporter.disaster.go.th/portal/disaster-news/6753
6753,86,2024-09-16,flood,อ.พะโต๊ะ,local_report_not_province_wide_exposure,2024,2,150,1856.0,0.0,0.0,0.0,0.0,0.0,0.0,100.0,possible_dates_not_orchard_damage,https://dpmreporter.disaster.go.th/portal/disaster-news/6753
6753,86,2024-09-16,flood,อ.พะโต๊ะ,local_report_not_province_wide_exposure,2024,3,120,120.0,0.0,0.0,0.0,0.0,0.0,0.0,100.0,possible_dates_not_orchard_damage,https://dpmreporter.disaster.go.th/portal/disaster-news/6753
6753,86,2024-09-16,flood,อ.พะโต๊ะ,local_report_not_province_wide_exposure,2024,3,130,120.0,0.0,0.0,0.0,0.0,0.0,0.0,100.0,possible_dates_not_orchard_damage,https://dpmreporter.disaster.go.th/portal/disaster-news/6753
6753,86,2024-09-16,flood,อ.พะโต๊ะ,local_report_not_province_wide_exposure,2024,3,140,120.0,0.0,0.0,0.0,0.0,0.0,0.0,100.0,possible_dates_not_orchard_damage,https://dpmreporter.disaster.go.th/portal/disaster-news/6753
6753,86,2024-09-16,flood,อ.พะโต๊ะ,local_report_not_province_wide_exposure,2024,3,150,120.0,0.0,0.0,0.0,0.0,0.0,0.0,100.0,possible_dates_not_orchard_damage,https://dpmreporter.disaster.go.th/portal/disaster-news/6753
6753,86,2024-09-16,flood,อ.พะโต๊ะ,local_report_not_province_wide_exposure,2024,5,120,10000.0,0.0,0.0,0.0,0.0,0.0,0.0,100.0,possible_dates_not_orchard_damage,https://dpmreporter.disaster.go.th/portal/disaster-news/6753
6753,86,2024-09-16,flood,อ.พะโต๊ะ,local_report_not_province_wide_exposure,2024,5,130,10000.0,0.0,0.0,0.0,0.0,0.0,0.0,100.0,possible_dates_not_orchard_damage,https://dpmreporter.disaster.go.th/portal/disaster-news/6753
6753,86,2024-09-16,flood,อ.พะโต๊ะ,local_report_not_province_wide_exposure,2024,5,140,10000.0,0.0,0.0,0.0,0.0,0.0,0.0,100.0,possible_dates_not_orchard_damage,https://dpmreporter.disaster.go.th/portal/disaster-news/6753
6753,86,2024-09-16,flood,อ.พะโต๊ะ,local_report_not_province_wide_exposure,2024,5,150,10000.0,0.0,0.0,0.0,0.0,0.0,0.0,100.0,possible_dates_not_orchard_damage,https://dpmreporter.disaster.go.th/portal/disaster-news/6753
6753,86,2024-09-16,flood,อ.พะโต๊ะ,local_report_not_province_wide_exposure,2024,6,120,79730.0,0.0,0.0,0.0,0.0,0.0,0.0,100.0,possible_dates_not_orchard_damage,https://dpmreporter.disaster.go.th/portal/disaster-news/6753
6753,86,2024-09-16,flood,อ.พะโต๊ะ,local_report_not_province_wide_exposure,2024,6,130,79730.0,0.0,0.0,0.0,0.0,0.0,0.0,100.0,possible_dates_not_orchard_damage,https://dpmreporter.disaster.go.th/portal/disaster-news/6753
6753,86,2024-09-16,flood,อ.พะโต๊ะ,local_report_not_province_wide_exposure,2024,6,140,79730.0,0.0,0.0,0.0,0.0,0.0,0.0,100.0,possible_dates_not_orchard_damage,https://dpmreporter.disaster.go.th/portal/disaster-news/6753
6753,86,2024-09-16,flood,อ.พะโต๊ะ,local_report_not_province_wide_exposure,2024,6,150,79730.0,0.0,0.0,0.0,0.0,0.0,0.0,100.0,possible_dates_not_orchard_damage,https://dpmreporter.disaster.go.th/portal/disaster-news/6753
6753,86,2024-09-16,flood,อ.พะโต๊ะ,local_report_not_province_wide_exposure,2024,7,120,17773.0,0.0,0.0,0.0,0.0,0.0,0.0,100.0,possible_dates_not_orchard_damage,https://dpmreporter.disaster.go.th/portal/disaster-news/6753
6753,86,2024-09-16,flood,อ.พะโต๊ะ,local_report_not_province_wide_exposure,2024,7,130,17773.0,0.0,0.0,0.0,0.0,0.0,0.0,100.0,possible_dates_not_orchard_damage,https://dpmreporter.disaster.go.th/portal/disaster-news/6753
6753,86,2024-09-16,flood,อ.พะโต๊ะ,local_report_not_province_wide_exposure,2024,7,140,17773.0,0.0,0.0,0.0,0.0,0.0,0.0,100.0,possible_dates_not_orchard_damage,https://dpmreporter.disaster.go.th/portal/disaster-news/6753
6753,86,2024-09-16,flood,อ.พะโต๊ะ,local_report_not_province_wide_exposure,2024,7,150,17773.0,0.0,0.0,0.0,0.0,0.0,0.0,100.0,possible_dates_not_orchard_damage,https://dpmreporter.disaster.go.th/portal/disaster-news/6753
6753,86,2024-09-16,flood,อ.พะโต๊ะ,local_report_not_province_wide_exposure,2024,8,120,41615.0,0.0,0.0,0.0,0.0,0.0,0.0,100.0,possible_dates_not_orchard_damage,https://dpmreporter.disaster.go.th/portal/disaster-news/6753
6753,86,2024-09-16,flood,อ.พะโต๊ะ,local_report_not_province_wide_exposure,2024,8,130,41615.0,0.0,0.0,0.0,0.0,0.0,0.0,100.0,possible_dates_not_orchard_damage,https://dpmreporter.disaster.go.th/portal/disaster-news/6753
6753,86,2024-09-16,flood,อ.พะโต๊ะ,local_report_not_province_wide_exposure,2024,8,140,41615.0,0.0,0.0,0.0,0.0,0.0,0.0,100.0,possible_dates_not_orchard_damage,https://dpmreporter.disaster.go.th/portal/disaster-news/6753
6753,86,2024-09-16,flood,อ.พะโต๊ะ,local_report_not_province_wide_exposure,2024,8,150,41615.0,0.0,0.0,0.0,0.0,0.0,0.0,100.0,possible_dates_not_orchard_damage,https://dpmreporter.disaster.go.th/portal/disaster-news/6753
6753,86,2024-09-16,flood,อ.พะโต๊ะ,local_report_not_province_wide_exposure,2024,9,120,32675.0,0.0,0.0,0.0,0.0,0.0,46.666666666666664,53.333333333333336,possible_dates_not_orchard_damage,https://dpmreporter.disaster.go.th/portal/disaster-news/6753
6753,86,2024-09-16,flood,อ.พะโต๊ะ,local_report_not_province_wide_exposure,2024,9,130,32675.0,0.0,0.0,0.0,0.0,0.0,46.666666666666664,53.333333333333336,possible_dates_not_orchard_damage,https://dpmreporter.disaster.go.th/portal/disaster-news/6753
6753,86,2024-09-16,flood,อ.พะโต๊ะ,local_report_not_province_wide_exposure,2024,9,140,32675.0,0.0,0.0,0.0,0.0,0.0,46.666666666666664,53.333333333333336,possible_dates_not_orchard_damage,https://dpmreporter.disaster.go.th/portal/disaster-news/6753
6753,86,2024-09-16,flood,อ.พะโต๊ะ,local_report_not_province_wide_exposure,2024,9,150,32675.0,0.0,0.0,0.0,0.0,0.0,46.666666666666664,53.333333333333336,possible_dates_not_orchard_damage,https://dpmreporter.disaster.go.th/portal/disaster-news/6753
6753,86,2024-09-16,flood,อ.พะโต๊ะ,local_report_not_province_wide_exposure,2024,10,120,10770.0,0.0,0.0,0.0,0.0,48.38709677419355,51.61290322580645,0.0,possible_dates_not_orchard_damage,https://dpmreporter.disaster.go.th/portal/disaster-news/6753
6753,86,2024-09-16,flood,อ.พะโต๊ะ,local_report_not_province_wide_exposure,2024,10,130,10770.0,0.0,0.0,0.0,0.0,16.129032258064516,83.87096774193549,0.0,possible_dates_not_orchard_damage,https://dpmreporter.disaster.go.th/portal/disaster-news/6753
6753,86,2024-09-16,flood,อ.พะโต๊ะ,local_report_not_province_wide_exposure,2024,10,140,10770.0,0.0,0.0,0.0,0.0,0.0,100.0,0.0,possible_dates_not_orchard_damage,https://dpmreporter.disaster.go.th/portal/disaster-news/6753
6753,86,2024-09-16,flood,อ.พะโต๊ะ,local_report_not_province_wide_exposure,2024,10,150,10770.0,0.0,0.0,0.0,0.0,0.0,100.0,0.0,possible_dates_not_orchard_damage,https://dpmreporter.disaster.go.th/portal/disaster-news/6753
6753,86,2024-09-16,flood,อ.พะโต๊ะ,local_report_not_province_wide_exposure,2024,11,120,9979.0,0.0,0.0,0.0,50.0,50.0,0.0,0.0,possible_dates_not_orchard_damage,https://dpmreporter.disaster.go.th/portal/disaster-news/6753
6753,86,2024-09-16,flood,อ.พะโต๊ะ,local_report_not_province_wide_exposure,2024,11,130,9979.0,0.0,0.0,0.0,16.666666666666668,83.33333333333333,0.0,0.0,possible_dates_not_orchard_damage,https://dpmreporter.disaster.go.th/portal/disaster-news/6753
6753,86,2024-09-16,flood,อ.พะโต๊ะ,local_report_not_province_wide_exposure,2024,11,140,9979.0,0.0,0.0,0.0,0.0,83.33333333333333,16.666666666666668,0.0,possible_dates_not_orchard_damage,https://dpmreporter.disaster.go.th/portal/disaster-news/6753
6753,86,2024-09-16,flood,อ.พะโต๊ะ,local_report_not_province_wide_exposure,2024,11,150,9979.0,0.0,0.0,0.0,0.0,50.0,50.0,0.0,possible_dates_not_orchard_damage,https://dpmreporter.disaster.go.th/portal/disaster-news/6753
6753,86,2024-09-16,flood,อ.พะโต๊ะ,local_report_not_province_wide_exposure,2024,12,120,19822.0,0.0,0.0,51.61290322580645,48.38709677419355,0.0,0.0,0.0,possible_dates_not_orchard_damage,https://dpmreporter.disaster.go.th/portal/disaster-news/6753
6753,86,2024-09-16,flood,อ.พะโต๊ะ,local_report_not_province_wide_exposure,2024,12,130,19822.0,0.0,0.0,19.35483870967742,80.64516129032258,0.0,0.0,0.0,possible_dates_not_orchard_damage,https://dpmreporter.disaster.go.th/portal/disaster-news/6753
6753,86,2024-09-16,flood,อ.พะโต๊ะ,local_report_not_province_wide_exposure,2024,12,140,19822.0,0.0,0.0,0.0,83.87096774193549,16.129032258064516,0.0,0.0,possible_dates_not_orchard_damage,https://dpmreporter.disaster.go.th/portal/disaster-news/6753
6753,86,2024-09-16,flood,อ.พะโต๊ะ,local_report_not_province_wide_exposure,2024,12,150,19822.0,0.0,0.0,0.0,51.61290322580645,48.38709677419355,0.0,0.0,possible_dates_not_orchard_damage,https://dpmreporter.disaster.go.th/portal/disaster-news/6753
6753,86,2024-09-16,flood,อ.พะโต๊ะ,local_report_not_province_wide_exposure,2025,1,120,2219.0,0.0,54.83870967741935,45.16129032258065,0.0,0.0,0.0,0.0,possible_dates_not_orchard_damage,https://dpmreporter.disaster.go.th/portal/disaster-news/6753
6753,86,2024-09-16,flood,อ.พะโต๊ะ,local_report_not_province_wide_exposure,2025,1,130,2219.0,0.0,22.580645161290324,77.41935483870968,0.0,0.0,0.0,0.0,possible_dates_not_orchard_damage,https://dpmreporter.disaster.go.th/portal/disaster-news/6753
6753,86,2024-09-16,flood,อ.พะโต๊ะ,local_report_not_province_wide_exposure,2025,1,140,2219.0,0.0,0.0,87.09677419354838,12.903225806451612,0.0,0.0,0.0,possible_dates_not_orchard_damage,https://dpmreporter.disaster.go.th/portal/disaster-news/6753
6753,86,2024-09-16,flood,อ.พะโต๊ะ,local_report_not_province_wide_exposure,2025,1,150,2219.0,0.0,0.0,54.83870967741935,45.16129032258065,0.0,0.0,0.0,possible_dates_not_orchard_damage,https://dpmreporter.disaster.go.th/portal/disaster-news/6753
6753,86,2024-09-16,flood,อ.พะโต๊ะ,local_report_not_province_wide_exposure,2025,2,120,8006.0,0.0,100.0,0.0,0.0,0.0,0.0,0.0,possible_dates_not_orchard_damage,https://dpmreporter.disaster.go.th/portal/disaster-news/6753
6753,86,2024-09-16,flood,อ.พะโต๊ะ,local_report_not_province_wide_exposure,2025,2,130,8006.0,0.0,100.0,0.0,0.0,0.0,0.0,0.0,possible_dates_not_orchard_damage,https://dpmreporter.disaster.go.th/portal/disaster-news/6753
6753,86,2024-09-16,flood,อ.พะโต๊ะ,local_report_not_province_wide_exposure,2025,2,140,8006.0,0.0,89.28571428571429,10.714285714285714,0.0,0.0,0.0,0.0,possible_dates_not_orchard_damage,https://dpmreporter.disaster.go.th/portal/disaster-news/6753
6753,86,2024-09-16,flood,อ.พะโต๊ะ,local_report_not_province_wide_exposure,2025,2,150,8006.0,0.0,53.57142857142857,46.42857142857143,0.0,0.0,0.0,0.0,possible_dates_not_orchard_damage,https://dpmreporter.disaster.go.th/portal/disaster-news/6753
6753,86,2024-09-16,flood,อ.พะโต๊ะ,local_report_not_province_wide_exposure,2025,5,140,968.0,87.09677419354838,12.903225806451612,0.0,0.0,0.0,0.0,0.0,possible_dates_not_orchard_damage,https://dpmreporter.disaster.go.th/portal/disaster-news/6753
6753,86,2024-09-16,flood,อ.พะโต๊ะ,local_report_not_province_wide_exposure,2025,5,150,968.0,54.83870967741935,45.16129032258065,0.0,0.0,0.0,0.0,0.0,possible_dates_not_orchard_damage,https://dpmreporter.disaster.go.th/portal/disaster-news/6753
6250,86,2024-05-04,windstorm,อ.ละแม,local_report_not_province_wide_exposure,2024,1,120,2234.0,0.0,0.0,0.0,0.0,0.0,0.0,100.0,possible_dates_not_orchard_damage,https://dpmreporter.disaster.go.th/portal/disaster-news/6250
6250,86,2024-05-04,windstorm,อ.ละแม,local_report_not_province_wide_exposure,2024,1,130,2234.0,0.0,0.0,0.0,0.0,0.0,0.0,100.0,possible_dates_not_orchard_damage,https://dpmreporter.disaster.go.th/portal/disaster-news/6250
6250,86,2024-05-04,windstorm,อ.ละแม,local_report_not_province_wide_exposure,2024,1,140,2234.0,0.0,0.0,0.0,0.0,0.0,0.0,100.0,possible_dates_not_orchard_damage,https://dpmreporter.disaster.go.th/portal/disaster-news/6250
6250,86,2024-05-04,windstorm,อ.ละแม,local_report_not_province_wide_exposure,2024,1,150,2234.0,0.0,0.0,0.0,0.0,0.0,0.0,100.0,possible_dates_not_orchard_damage,https://dpmreporter.disaster.go.th/portal/disaster-news/6250
6250,86,2024-05-04,windstorm,อ.ละแม,local_report_not_province_wide_exposure,2024,2,120,1856.0,0.0,0.0,0.0,0.0,0.0,0.0,100.0,possible_dates_not_orchard_damage,https://dpmreporter.disaster.go.th/portal/disaster-news/6250
6250,86,2024-05-04,windstorm,อ.ละแม,local_report_not_province_wide_exposure,2024,2,130,1856.0,0.0,0.0,0.0,0.0,0.0,0.0,100.0,possible_dates_not_orchard_damage,https://dpmreporter.disaster.go.th/portal/disaster-news/6250
6250,86,2024-05-04,windstorm,อ.ละแม,local_report_not_province_wide_exposure,2024,2,140,1856.0,0.0,0.0,0.0,0.0,0.0,0.0,100.0,possible_dates_not_orchard_damage,https://dpmreporter.disaster.go.th/portal/disaster-news/6250
6250,86,2024-05-04,windstorm,อ.ละแม,local_report_not_province_wide_exposure,2024,2,150,1856.0,0.0,0.0,0.0,0.0,0.0,0.0,100.0,possible_dates_not_orchard_damage,https://dpmreporter.disaster.go.th/portal/disaster-news/6250
6250,86,2024-05-04,windstorm,อ.ละแม,local_report_not_province_wide_exposure,2024,3,120,120.0,0.0,0.0,0.0,0.0,0.0,0.0,100.0,possible_dates_not_orchard_damage,https://dpmreporter.disaster.go.th/portal/disaster-news/6250
6250,86,2024-05-04,windstorm,อ.ละแม,local_report_not_province_wide_exposure,2024,3,130,120.0,0.0,0.0,0.0,0.0,0.0,0.0,100.0,possible_dates_not_orchard_damage,https://dpmreporter.disaster.go.th/portal/disaster-news/6250
6250,86,2024-05-04,windstorm,อ.ละแม,local_report_not_province_wide_exposure,2024,3,140,120.0,0.0,0.0,0.0,0.0,0.0,0.0,100.0,possible_dates_not_orchard_damage,https://dpmreporter.disaster.go.th/portal/disaster-news/6250
6250,86,2024-05-04,windstorm,อ.ละแม,local_report_not_province_wide_exposure,2024,3,150,120.0,0.0,0.0,0.0,0.0,0.0,0.0,100.0,possible_dates_not_orchard_damage,https://dpmreporter.disaster.go.th/portal/disaster-news/6250
6250,86,2024-05-04,windstorm,อ.ละแม,local_report_not_province_wide_exposure,2024,5,120,10000.0,0.0,0.0,0.0,0.0,0.0,87.09677419354838,12.903225806451612,possible_dates_not_orchard_damage,https://dpmreporter.disaster.go.th/portal/disaster-news/6250
6250,86,2024-05-04,windstorm,อ.ละแม,local_report_not_province_wide_exposure,2024,5,130,10000.0,0.0,0.0,0.0,0.0,0.0,87.09677419354838,12.903225806451612,possible_dates_not_orchard_damage,https://dpmreporter.disaster.go.th/portal/disaster-news/6250
6250,86,2024-05-04,windstorm,อ.ละแม,local_report_not_province_wide_exposure,2024,5,140,10000.0,0.0,0.0,0.0,0.0,0.0,87.09677419354838,12.903225806451612,possible_dates_not_orchard_damage,https://dpmreporter.disaster.go.th/portal/disaster-news/6250
6250,86,2024-05-04,windstorm,อ.ละแม,local_report_not_province_wide_exposure,2024,5,150,10000.0,0.0,0.0,0.0,0.0,0.0,87.09677419354838,12.903225806451612,possible_dates_not_orchard_damage,https://dpmreporter.disaster.go.th/portal/disaster-news/6250
6250,86,2024-05-04,windstorm,อ.ละแม,local_report_not_province_wide_exposure,2024,6,120,79730.0,0.0,0.0,0.0,0.0,90.0,10.0,0.0,possible_dates_not_orchard_damage,https://dpmreporter.disaster.go.th/portal/disaster-news/6250
6250,86,2024-05-04,windstorm,อ.ละแม,local_report_not_province_wide_exposure,2024,6,130,79730.0,0.0,0.0,0.0,0.0,56.666666666666664,43.333333333333336,0.0,possible_dates_not_orchard_damage,https://dpmreporter.disaster.go.th/portal/disaster-news/6250
6250,86,2024-05-04,windstorm,อ.ละแม,local_report_not_province_wide_exposure,2024,6,140,79730.0,0.0,0.0,0.0,0.0,23.333333333333332,76.66666666666667,0.0,possible_dates_not_orchard_damage,https://dpmreporter.disaster.go.th/portal/disaster-news/6250
6250,86,2024-05-04,windstorm,อ.ละแม,local_report_not_province_wide_exposure,2024,6,150,79730.0,0.0,0.0,0.0,0.0,0.0,100.0,0.0,possible_dates_not_orchard_damage,https://dpmreporter.disaster.go.th/portal/disaster-news/6250
6250,86,2024-05-04,windstorm,อ.ละแม,local_report_not_province_wide_exposure,2024,7,120,17773.0,0.0,0.0,0.0,90.3225806451613,9.67741935483871,0.0,0.0,possible_dates_not_orchard_damage,https://dpmreporter.disaster.go.th/portal/disaster-news/6250
6250,86,2024-05-04,windstorm,อ.ละแม,local_report_not_province_wide_exposure,2024,7,130,17773.0,0.0,0.0,0.0,58.064516129032256,41.935483870967744,0.0,0.0,possible_dates_not_orchard_damage,https://dpmreporter.disaster.go.th/portal/disaster-news/6250
6250,86,2024-05-04,windstorm,อ.ละแม,local_report_not_province_wide_exposure,2024,7,140,17773.0,0.0,0.0,0.0,25.806451612903224,74.19354838709677,0.0,0.0,possible_dates_not_orchard_damage,https://dpmreporter.disaster.go.th/portal/disaster-news/6250
6250,86,2024-05-04,windstorm,อ.ละแม,local_report_not_province_wide_exposure,2024,7,150,17773.0,0.0,0.0,0.0,0.0,90.3225806451613,9.67741935483871,0.0,possible_dates_not_orchard_damage,https://dpmreporter.disaster.go.th/portal/disaster-news/6250
6250,86,2024-05-04,windstorm,อ.ละแม,local_report_not_province_wide_exposure,2024,8,120,41615.0,0.0,0.0,93.54838709677419,6.451612903225806,0.0,0.0,0.0,possible_dates_not_orchard_damage,https://dpmreporter.disaster.go.th/portal/disaster-news/6250
6250,86,2024-05-04,windstorm,อ.ละแม,local_report_not_province_wide_exposure,2024,8,130,41615.0,0.0,0.0,61.29032258064516,38.70967741935484,0.0,0.0,0.0,possible_dates_not_orchard_damage,https://dpmreporter.disaster.go.th/portal/disaster-news/6250
6250,86,2024-05-04,windstorm,อ.ละแม,local_report_not_province_wide_exposure,2024,8,140,41615.0,0.0,0.0,29.032258064516128,70.96774193548387,0.0,0.0,0.0,possible_dates_not_orchard_damage,https://dpmreporter.disaster.go.th/portal/disaster-news/6250
6250,86,2024-05-04,windstorm,อ.ละแม,local_report_not_province_wide_exposure,2024,8,150,41615.0,0.0,0.0,0.0,93.54838709677419,6.451612903225806,0.0,0.0,possible_dates_not_orchard_damage,https://dpmreporter.disaster.go.th/portal/disaster-news/6250
6250,86,2024-05-04,windstorm,อ.ละแม,local_report_not_province_wide_exposure,2024,9,120,32675.0,0.0,96.66666666666667,3.3333333333333335,0.0,0.0,0.0,0.0,possible_dates_not_orchard_damage,https://dpmreporter.disaster.go.th/portal/disaster-news/6250
6250,86,2024-05-04,windstorm,อ.ละแม,local_report_not_province_wide_exposure,2024,9,130,32675.0,0.0,63.333333333333336,36.666666666666664,0.0,0.0,0.0,0.0,possible_dates_not_orchard_damage,https://dpmreporter.disaster.go.th/portal/disaster-news/6250
6250,86,2024-05-04,windstorm,อ.ละแม,local_report_not_province_wide_exposure,2024,9,140,32675.0,0.0,30.0,70.0,0.0,0.0,0.0,0.0,possible_dates_not_orchard_damage,https://dpmreporter.disaster.go.th/portal/disaster-news/6250
6250,86,2024-05-04,windstorm,อ.ละแม,local_report_not_province_wide_exposure,2024,9,150,32675.0,0.0,0.0,96.66666666666667,3.3333333333333335,0.0,0.0,0.0,possible_dates_not_orchard_damage,https://dpmreporter.disaster.go.th/portal/disaster-news/6250
6250,86,2024-05-04,windstorm,อ.ละแม,local_report_not_province_wide_exposure,2024,10,120,10770.0,0.0,100.0,0.0,0.0,0.0,0.0,0.0,possible_dates_not_orchard_damage,https://dpmreporter.disaster.go.th/portal/disaster-news/6250
6250,86,2024-05-04,windstorm,อ.ละแม,local_report_not_province_wide_exposure,2024,10,130,10770.0,0.0,100.0,0.0,0.0,0.0,0.0,0.0,possible_dates_not_orchard_damage,https://dpmreporter.disaster.go.th/portal/disaster-news/6250
6250,86,2024-05-04,windstorm,อ.ละแม,local_report_not_province_wide_exposure,2024,10,140,10770.0,0.0,100.0,0.0,0.0,0.0,0.0,0.0,possible_dates_not_orchard_damage,https://dpmreporter.disaster.go.th/portal/disaster-news/6250
6250,86,2024-05-04,windstorm,อ.ละแม,local_report_not_province_wide_exposure,2024,10,150,10770.0,0.0,96.7741935483871,3.225806451612903,0.0,0.0,0.0,0.0,possible_dates_not_orchard_damage,https://dpmreporter.disaster.go.th/portal/disaster-news/6250
6250,86,2024-05-04,windstorm,อ.ละแม,local_report_not_province_wide_exposure,2024,11,120,9979.0,0.0,100.0,0.0,0.0,0.0,0.0,0.0,possible_dates_not_orchard_damage,https://dpmreporter.disaster.go.th/portal/disaster-news/6250
6250,86,2024-05-04,windstorm,อ.ละแม,local_report_not_province_wide_exposure,2024,11,130,9979.0,0.0,100.0,0.0,0.0,0.0,0.0,0.0,possible_dates_not_orchard_damage,https://dpmreporter.disaster.go.th/portal/disaster-news/6250
6250,86,2024-05-04,windstorm,อ.ละแม,local_report_not_province_wide_exposure,2024,11,140,9979.0,0.0,100.0,0.0,0.0,0.0,0.0,0.0,possible_dates_not_orchard_damage,https://dpmreporter.disaster.go.th/portal/disaster-news/6250
6250,86,2024-05-04,windstorm,อ.ละแม,local_report_not_province_wide_exposure,2024,11,150,9979.0,0.0,100.0,0.0,0.0,0.0,0.0,0.0,possible_dates_not_orchard_damage,https://dpmreporter.disaster.go.th/portal/disaster-news/6250
6250,86,2024-05-04,windstorm,อ.ละแม,local_report_not_province_wide_exposure,2024,12,120,19822.0,100.0,0.0,0.0,0.0,0.0,0.0,0.0,possible_dates_not_orchard_damage,https://dpmreporter.disaster.go.th/portal/disaster-news/6250
6250,86,2024-05-04,windstorm,อ.ละแม,local_report_not_province_wide_exposure,2024,12,130,19822.0,67.74193548387096,32.25806451612903,0.0,0.0,0.0,0.0,0.0,possible_dates_not_orchard_damage,https://dpmreporter.disaster.go.th/portal/disaster-news/6250
6250,86,2024-05-04,windstorm,อ.ละแม,local_report_not_province_wide_exposure,2024,12,140,19822.0,35.483870967741936,64.51612903225806,0.0,0.0,0.0,0.0,0.0,possible_dates_not_orchard_damage,https://dpmreporter.disaster.go.th/portal/disaster-news/6250
6250,86,2024-05-04,windstorm,อ.ละแม,local_report_not_province_wide_exposure,2024,12,150,19822.0,3.225806451612903,96.7741935483871,0.0,0.0,0.0,0.0,0.0,possible_dates_not_orchard_damage,https://dpmreporter.disaster.go.th/portal/disaster-news/6250
