province_code,province_name,hazard_type,year_ce,year_be,source_rows,quarantined_rows,nonblank_village_rows,blank_village_rows,positive_village_rows,explicit_zero_village_rows,reported_village_event_sum,coverage_status
22,จันทบุรี,flood,2019,2562,543,0,79,464,79,0,82,annual_completeness_unverified
22,จันทบุรี,flood,2020,2563,543,0,162,381,162,0,172,annual_completeness_unverified
22,จันทบุรี,flood,2021,2564,543,0,358,185,358,0,602,annual_completeness_unverified
22,จันทบุรี,flood,2022,2565,543,0,216,327,216,0,429,annual_completeness_unverified
22,จันทบุรี,flood,2023,2566,543,0,170,373,170,0,275,annual_completeness_unverified
22,จันทบุรี,flood,2024,2567,543,0,0,543,0,0,,annual_completeness_unverified
33,ศรีสะเกษ,flood,2019,2562,1399,0,398,1001,398,0,403,annual_completeness_unverified
33,ศรีสะเกษ,flood,2020,2563,1399,0,169,1230,169,0,176,annual_completeness_unverified
33,ศรีสะเกษ,flood,2021,2564,1399,0,1128,271,1128,0,1370,annual_completeness_unverified
33,ศรีสะเกษ,flood,2022,2565,1399,0,390,1009,390,0,475,annual_completeness_unverified
33,ศรีสะเกษ,flood,2023,2566,1399,0,46,1353,46,0,53,annual_completeness_unverified
33,ศรีสะเกษ,flood,2024,2567,1399,0,0,1399,0,0,,annual_completeness_unverified
53,อุตรดิตถ์,flood,2019,2562,482,0,74,408,74,0,86,annual_completeness_unverified
53,อุตรดิตถ์,flood,2020,2563,482,0,267,215,267,0,351,annual_completeness_unverified
53,อุตรดิตถ์,flood,2021,2564,482,0,33,449,33,0,35,annual_completeness_unverified
53,อุตรดิตถ์,flood,2022,2565,482,0,315,167,315,0,486,annual_completeness_unverified
53,อุตรดิตถ์,flood,2023,2566,482,0,249,233,249,0,288,annual_completeness_unverified
53,อุตรดิตถ์,flood,2024,2567,482,0,0,482,0,0,,annual_completeness_unverified
84,สุราษฎร์ธานี,flood,2019,2562,1035,0,619,416,619,0,767,annual_completeness_unverified
84,สุราษฎร์ธานี,flood,2020,2563,1035,0,835,200,835,0,1092,annual_completeness_unverified
84,สุราษฎร์ธานี,flood,2021,2564,1035,0,839,196,839,0,933,annual_completeness_unverified
84,สุราษฎร์ธานี,flood,2022,2565,1035,0,402,633,402,0,722,annual_completeness_unverified
84,สุราษฎร์ธานี,flood,2023,2566,1035,0,154,881,154,0,185,annual_completeness_unverified
84,สุราษฎร์ธานี,flood,2024,2567,1035,0,0,1035,0,0,,annual_completeness_unverified
86,ชุมพร,flood,2019,2562,741,0,449,292,449,0,557,annual_completeness_unverified
86,ชุมพร,flood,2020,2563,741,0,399,342,399,0,594,annual_completeness_unverified
86,ชุมพร,flood,2021,2564,741,0,617,124,617,0,1165,annual_completeness_unverified
86,ชุมพร,flood,2022,2565,741,0,408,333,408,0,471,annual_completeness_unverified
86,ชุมพร,flood,2023,2566,741,0,458,283,458,0,736,annual_completeness_unverified
86,ชุมพร,flood,2024,2567,741,0,1,740,1,0,1,annual_completeness_unverified
22,จันทบุรี,windstorm,2019,2562,584,2,252,330,252,0,252,annual_completeness_unverified
22,จันทบุรี,windstorm,2020,2563,584,2,140,442,140,0,215,annual_completeness_unverified
22,จันทบุรี,windstorm,2021,2564,584,2,303,279,303,0,457,annual_completeness_unverified
22,จันทบุรี,windstorm,2022,2565,584,2,219,363,219,0,486,annual_completeness_unverified
22,จันทบุรี,windstorm,2023,2566,584,2,218,364,218,0,348,annual_completeness_unverified
22,จันทบุรี,windstorm,2024,2567,584,2,12,570,12,0,12,annual_completeness_unverified
33,ศรีสะเกษ,windstorm,2019,2562,1654,0,546,1108,546,0,639,annual_completeness_unverified
33,ศรีสะเกษ,windstorm,2020,2563,1654,0,359,1295,359,0,397,annual_completeness_unverified
33,ศรีสะเกษ,windstorm,2021,2564,1654,0,977,677,977,0,2912,annual_completeness_unverified
33,ศรีสะเกษ,windstorm,2022,2565,1654,0,252,1402,252,0,280,annual_completeness_unverified
33,ศรีสะเกษ,windstorm,2023,2566,1654,0,327,1327,327,0,351,annual_completeness_unverified
33,ศรีสะเกษ,windstorm,2024,2567,1654,0,132,1522,132,0,162,annual_completeness_unverified
53,อุตรดิตถ์,windstorm,2019,2562,584,0,161,423,161,0,176,annual_completeness_unverified
53,อุตรดิตถ์,windstorm,2020,2563,584,0,207,377,207,0,235,annual_completeness_unverified
53,อุตรดิตถ์,windstorm,2021,2564,584,0,140,444,140,0,156,annual_completeness_unverified
53,อุตรดิตถ์,windstorm,2022,2565,584,0,149,435,149,0,167,annual_completeness_unverified
53,อุตรดิตถ์,windstorm,2023,2566,584,0,80,504,80,0,85,annual_completeness_unverified
53,อุตรดิตถ์,windstorm,2024,2567,584,0,0,584,0,0,,annual_completeness_unverified
84,สุราษฎร์ธานี,windstorm,2019,2562,801,0,671,130,671,0,963,annual_completeness_unverified
84,สุราษฎร์ธานี,windstorm,2020,2563,801,0,233,568,233,0,294,annual_completeness_unverified
84,สุราษฎร์ธานี,windstorm,2021,2564,801,0,95,706,95,0,128,annual_completeness_unverified
84,สุราษฎร์ธานี,windstorm,2022,2565,801,0,69,732,69,0,81,annual_completeness_unverified
84,สุราษฎร์ธานี,windstorm,2023,2566,801,0,113,688,113,0,144,annual_completeness_unverified
84,สุราษฎร์ธานี,windstorm,2024,2567,801,0,0,801,0,0,,annual_completeness_unverified
86,ชุมพร,windstorm,2019,2562,540,0,293,247,293,0,399,annual_completeness_unverified
86,ชุมพร,windstorm,2020,2563,540,0,330,210,330,0,362,annual_completeness_unverified
86,ชุมพร,windstorm,2021,2564,540,0,99,441,99,0,121,annual_completeness_unverified
86,ชุมพร,windstorm,2022,2565,540,0,153,387,153,0,230,annual_completeness_unverified
86,ชุมพร,windstorm,2023,2566,540,0,68,472,68,0,97,annual_completeness_unverified
86,ชุมพร,windstorm,2024,2567,540,0,0,540,0,0,,annual_completeness_unverified
