news_id,province_code,province_name,source_hazard_type,title,ddpm_news_datetime,url,review_status,reviewed_event_date,reviewed_districts,crop_damage_status
8214,22,จันทบุรี,วาตภัย,เกิดเหตุวาตภัยถูกต้นทุเรียนล้มทับเสียชีวิตในพื้นที่,2025-11-19 09:30:00,https://dpmreporter.disaster.go.th/portal/disaster-news/8214,event_date_and_crop_exposure_pending,,,
7785,22,จันทบุรี,ฝนตกหนัก,เหตุน้ำป่าไหลหลากเข้าท่วม อ.โป่งน้ำร้อน และ อ.มะขาม จ.จันทบุรี,2025-06-12 12:00:00,https://dpmreporter.disaster.go.th/portal/disaster-news/7785,event_date_and_crop_exposure_pending,,,
7367,22,จันทบุรี,ไฟป่า/หมอกควัน,เกิดเหตุไฟไหม้ป่าบริเวณอ่างเก็บน้ำเขาแกลด ต.สองพี่น้อง อ.ท่าใหม่,2025-02-12 05:40:00,https://dpmreporter.disaster.go.th/portal/disaster-news/7367,event_date_and_crop_exposure_pending,,,
7245,22,จันทบุรี,ไฟป่า/หมอกควัน,เหตุการณ์เกิดไฟป่า,2025-01-22 21:00:00,https://dpmreporter.disaster.go.th/portal/disaster-news/7245,event_date_and_crop_exposure_pending,,,
7244,22,จันทบุรี,ไฟป่า/หมอกควัน,เกิดเหตุไฟป่า,2025-01-22 14:00:00,https://dpmreporter.disaster.go.th/portal/disaster-news/7244,event_date_and_crop_exposure_pending,,,
6557,22,จันทบุรี,อุทกภัย,เกิดอุทกภัย,2024-07-27 09:00:00,https://dpmreporter.disaster.go.th/portal/disaster-news/6557,event_date_and_area_reviewed_crop_loss_not_inferred,2024-07-27,อ.มะขาม; อ.ขลุง; อ.โป่งน้ำร้อน,durian_damage_not_reported
6411,22,จันทบุรี,อุทกภัย,เกิดสถานการณ์น้ำป่าไหลหลากในพื้นที่อำเภอเมืองจันทบุรี,2024-05-31 03:30:00,https://dpmreporter.disaster.go.th/portal/disaster-news/6411,event_date_and_area_reviewed_crop_loss_not_inferred,2024-05-31,อ.เมืองจันทบุรี,durian_damage_not_reported
5948,22,จันทบุรี,ไฟป่า/หมอกควัน,สถานการณ์ไฟป่า,2024-03-09 14:00:00,https://dpmreporter.disaster.go.th/portal/disaster-news/5948,event_date_and_crop_exposure_pending,,,
5937,22,จันทบุรี,ไฟป่า/หมอกควัน,สถานการณ์ไฟป่าเกิดขึ้นบริเวณสันเขาแบ่งเขตแดนประเทศไทยและกัมพูชา,2024-03-06 17:30:00,https://dpmreporter.disaster.go.th/portal/disaster-news/5937,event_date_and_crop_exposure_pending,,,
5239,22,จันทบุรี,อุทกภัย,เกิดเหตุน้ำท่วมถนนสาย 317 จันทบุรี-สระแก้ว,2023-09-15 14:20:00,https://dpmreporter.disaster.go.th/portal/disaster-news/5239,event_date_and_crop_exposure_pending,,,
5179,22,จันทบุรี,อุทกภัย,แจ้งเหตุมีน้ำป่าไหลหลากเข้าท่วมบ้านเรือนประชาชน,2023-09-02 05:00:00,https://dpmreporter.disaster.go.th/portal/disaster-news/5179,event_date_and_crop_exposure_pending,,,
5182,22,จันทบุรี,อุทกภัย,ได้เกิดฝนตกหนัก น้ำป่าไหลหลาก น้ำท่วมฉับพลัน,2023-09-02 05:00:00,https://dpmreporter.disaster.go.th/portal/disaster-news/5182,event_date_and_crop_exposure_pending,,,
3583,22,จันทบุรี,อุทกภัย,ฝนที่ตกหนักทำให้เกิดน้ำป่าไหลหลาก,2022-08-31 11:15:00,https://dpmreporter.disaster.go.th/portal/disaster-news/3583,event_date_and_crop_exposure_pending,,,
3557,22,จันทบุรี,อุทกภัย,เกิดเหตุน้ำป่าไหลหลากในพื้นที่วัดเทพธารทอง,2022-08-24 20:30:00,https://dpmreporter.disaster.go.th/portal/disaster-news/3557,event_date_and_crop_exposure_pending,,,
3505,22,จันทบุรี,วาตภัย,เกิดเหตุมีกิ่งต้นยางนาขนาดใหญ่หักลงมาทับบ้านประชาชน,2022-08-11 21:30:00,https://dpmreporter.disaster.go.th/portal/disaster-news/3505,event_date_and_crop_exposure_pending,,,
3380,22,จันทบุรี,วาตภัย,เกิดฝนตกหนัก และมีลมพัดแรง,2022-07-12 20:45:00,https://dpmreporter.disaster.go.th/portal/disaster-news/3380,event_date_and_crop_exposure_pending,,,
2542,22,จันทบุรี,อุทกภัย,อุทกภัยจังหวัดจันทบุรี,2021-10-14 05:00:00,https://dpmreporter.disaster.go.th/portal/disaster-news/2542,event_date_and_crop_exposure_pending,,,
2528,22,จันทบุรี,อุทกภัย,อุทกภัยจันทบุรี,2021-10-09 16:45:00,https://dpmreporter.disaster.go.th/portal/disaster-news/2528,event_date_and_crop_exposure_pending,,,
1857,22,จันทบุรี,อุทกภัย,น้ำท่วมด่านบ้านแหลม จ.จันทบุรี,2020-10-11 09:30:00,https://dpmreporter.disaster.go.th/portal/disaster-news/1857,event_date_and_crop_exposure_pending,,,
1852,22,จันทบุรี,อุทกภัย,เกิดเหตุน้ำไหลหลากจากเขาสอยดาวเข้าท่วม บ้านเรือนราษฎรและเส้นทางสัญจร,2020-10-10 14:28:49,https://dpmreporter.disaster.go.th/portal/disaster-news/1852,event_date_and_crop_exposure_pending,,,
1449,22,จันทบุรี,วาตภัย,เกิดวาตภัย ต.ทรายขาว อ.สอยดาว,2020-04-12 16:00:00,https://dpmreporter.disaster.go.th/portal/disaster-news/1449,event_date_and_crop_exposure_pending,,,
1304,22,จันทบุรี,ไฟป่า/หมอกควัน,รายงานเหตุไฟป่าบนเทือกเขาฆ้อง,2020-02-06 11:00:00,https://dpmreporter.disaster.go.th/portal/disaster-news/1304,event_date_and_crop_exposure_pending,,,
1300,22,จันทบุรี,ไฟป่า/หมอกควัน,เกิดเหตุไฟป่าบนเทือกเขาฆ้อง,2020-02-02 19:45:00,https://dpmreporter.disaster.go.th/portal/disaster-news/1300,event_date_and_crop_exposure_pending,,,
3435,33,ศรีสะเกษ,วาตภัย,ได้เกิดฝนตกหนัก และลมกระโชกแรง,2022-07-26 09:30:00,https://dpmreporter.disaster.go.th/portal/disaster-news/3435,event_date_and_area_reviewed_crop_loss_not_inferred,2022-07-26,อ.ขุนหาญ; อ.พยุห์,durian_damage_not_reported
3243,33,ศรีสะเกษ,วาตภัย,เกิดฝนตกหนัก ฝนฟ้าคะนอง และลมกระโชกแรงในพื้นที่,2022-06-12 13:30:00,https://dpmreporter.disaster.go.th/portal/disaster-news/3243,event_date_and_crop_exposure_pending,,,
2556,33,ศรีสะเกษ,อุทกภัย,อุทกภัย,2021-10-19 14:45:00,https://dpmreporter.disaster.go.th/portal/disaster-news/2556,event_date_and_crop_exposure_pending,,,
2537,33,ศรีสะเกษ,อุทกภัย,อุทกภัยจังหวัดศรีสะเกษ,2021-10-12 13:30:00,https://dpmreporter.disaster.go.th/portal/disaster-news/2537,event_date_and_crop_exposure_pending,,,
2322,33,ศรีสะเกษ,วาตภัย,เหตุวาตภัย จ.ศรีสะเกษ,2021-05-11 19:00:00,https://dpmreporter.disaster.go.th/portal/disaster-news/2322,event_date_and_crop_exposure_pending,,,
1913,33,ศรีสะเกษ,อุทกภัย,ศปภ.13 อุบลฯ และสนง.ปภ.จ.ศก.สนับสนุนเครื่องสูบน้ำแรงดันสูง 6 เครื่อง สูบเร่งระบายน้ำจากพื้นที่ท่วมขังนาข้าว 200ไร่,2020-11-07 10:00:27,https://dpmreporter.disaster.go.th/portal/disaster-news/1913,event_date_and_crop_exposure_pending,,,
1911,33,ศรีสะเกษ,วาตภัย,ปภ.จังหวัดศรีสะเกษเร่งระบายน้ำในพื้นที่นาข้าว,2020-11-05 08:00:00,https://dpmreporter.disaster.go.th/portal/disaster-news/1911,event_date_and_crop_exposure_pending,,,
1889,33,ศรีสะเกษ,อุทกภัย,อาสาสมัครช่วยเหลือผู้ประสบภัยน้ำเอ่อล้นตลิ่ง จ.ศรีสะเกษ,2020-10-25 18:00:00,https://dpmreporter.disaster.go.th/portal/disaster-news/1889,event_date_and_crop_exposure_pending,,,
1876,33,ศรีสะเกษ,อุทกภัย,อาสาสมัครช่วยเหลือผู้ประสบภัย จ.ศรีสะเกษ,2020-10-19 16:00:00,https://dpmreporter.disaster.go.th/portal/disaster-news/1876,event_date_and_crop_exposure_pending,,,
1601,33,ศรีสะเกษ,วาตภัย,เกิดเหตุลมพัดอย่างรุนแรง เป็นเหตุให้สิ่งปลูกสร้าง และบ้านเรือนที่ไม่มั่นคง แข็งแรง เสียหาย,2020-05-25 15:30:00,https://dpmreporter.disaster.go.th/portal/disaster-news/1601,event_date_and_crop_exposure_pending,,,
1536,33,ศรีสะเกษ,วาตภัย,สนับสนุนการช่วยเหลือเหตุวาตภัย จ.ศรีสะเกษ,2020-05-11 07:00:00,https://dpmreporter.disaster.go.th/portal/disaster-news/1536,event_date_and_crop_exposure_pending,,,
1401,33,ศรีสะเกษ,ภัยแล้ง,ภัยแล้ง จ.ศรีสะเกษ,2020-03-25 10:15:00,https://dpmreporter.disaster.go.th/portal/disaster-news/1401,event_date_and_crop_exposure_pending,,,
1393,33,ศรีสะเกษ,ภัยแล้ง,ตรวจเยี่ยมพื้นที่การปฏิบัติงานช่วยเหลือภัยแล้ง,2020-03-18 11:30:00,https://dpmreporter.disaster.go.th/portal/disaster-news/1393,event_date_and_crop_exposure_pending,,,
1384,33,ศรีสะเกษ,ภัยแล้ง,ปภ.ดำเนินการสูบน้ำช่วยภัยแล้ง จ.ศรีสะเกษ,2020-03-15 10:15:00,https://dpmreporter.disaster.go.th/portal/disaster-news/1384,event_date_and_crop_exposure_pending,,,
1313,33,ศรีสะเกษ,ภัยแล้ง,ติดตามแก้ไขปัญหาภัยแล้ง จ.ศรีสะเกษ,2020-02-09 09:15:00,https://dpmreporter.disaster.go.th/portal/disaster-news/1313,event_date_and_crop_exposure_pending,,,
1308,33,ศรีสะเกษ,ภัยแล้ง,สนง.ปภ.จ.ศก. ติดตั้งเครื่องสูบน้ำ เพื่อสูบเติมน้ำแหล่งน้ำผลิตประปาหมู่บ้าน,2020-02-06 15:45:00,https://dpmreporter.disaster.go.th/portal/disaster-news/1308,event_date_and_crop_exposure_pending,,,
6261,53,อุตรดิตถ์,วาตภัย,เกิดฝนฟ้าคะนองลมกระโชกแรงและเกิดลูกเห็บตก,2024-05-03 16:30:00,https://dpmreporter.disaster.go.th/portal/disaster-news/6261,event_date_and_area_reviewed_crop_loss_not_inferred,2024-05-03,อ.เมืองอุตรดิตถ์; อ.ลับแล; อ.น้ำปาด; อ.ตรอน; อ.พิชัย; อ.บ้านโคก; อ.ฟากท่า; อ.ท่าปลา; อ.ทองแสนขัน,durian_damage_reported_by_supplementary_agriculture_source
5693,53,อุตรดิตถ์,วาตภัย,เกิดฝนตกหนัก ลมกระโชกแรง,2024-01-14 02:30:00,https://dpmreporter.disaster.go.th/portal/disaster-news/5693,event_date_and_crop_exposure_pending,,,
5314,53,อุตรดิตถ์,อุทกภัย,อุทกภัยเข้าท่วมบ้านเรือนราษฎร,2023-09-29 06:30:00,https://dpmreporter.disaster.go.th/portal/disaster-news/5314,event_date_and_crop_exposure_pending,,,
5136,53,อุตรดิตถ์,วาตภัย,เหตุวาตภัย,2023-08-20 20:30:00,https://dpmreporter.disaster.go.th/portal/disaster-news/5136,event_date_and_crop_exposure_pending,,,
4786,53,อุตรดิตถ์,วาตภัย,เกิดวาตภัยในพื้นที่ ตำบลสองคอน,2023-05-30 17:00:00,https://dpmreporter.disaster.go.th/portal/disaster-news/4786,event_date_and_crop_exposure_pending,,,
4687,53,อุตรดิตถ์,วาตภัย,เกิดวาตภัย,2023-05-09 15:30:00,https://dpmreporter.disaster.go.th/portal/disaster-news/4687,event_date_and_crop_exposure_pending,,,
4628,53,อุตรดิตถ์,วาตภัย,เหตุวาตภัย,2023-05-02 16:50:00,https://dpmreporter.disaster.go.th/portal/disaster-news/4628,event_date_and_crop_exposure_pending,,,
4595,53,อุตรดิตถ์,วาตภัย,วาตภัย,2023-04-29 15:30:00,https://dpmreporter.disaster.go.th/portal/disaster-news/4595,event_date_and_crop_exposure_pending,,,
4609,53,อุตรดิตถ์,วาตภัย,เกิดวาตภัยในพื้นที่จังหวัดอุตรดิตถ์,2023-04-29 15:00:00,https://dpmreporter.disaster.go.th/portal/disaster-news/4609,event_date_and_crop_exposure_pending,,,
4557,53,อุตรดิตถ์,วาตภัย,เกิดวาตภัยในพื้นที่จังหวัดอุตรดิตถ์,2023-04-25 16:25:00,https://dpmreporter.disaster.go.th/portal/disaster-news/4557,event_date_and_crop_exposure_pending,,,
4498,53,อุตรดิตถ์,วาตภัย,เกิดเหตุวาตภัยและมัลูกเห็บตก,2023-04-22 16:30:00,https://dpmreporter.disaster.go.th/portal/disaster-news/4498,event_date_and_crop_exposure_pending,,,
4123,53,อุตรดิตถ์,วาตภัย,เกิดสถานการณ์พายุ ฝนฟ้าคะนองลมกระโชกแรง,2023-02-15 15:00:00,https://dpmreporter.disaster.go.th/portal/disaster-news/4123,event_date_and_crop_exposure_pending,,,
3537,53,อุตรดิตถ์,อุทกภัย,น้ำป่าไหลหลากล้นตลิ่งลำห้วยคอมและมีดินสไลด์ปิดทางเข้าหมู่บ้าน,2022-08-21 05:00:00,https://dpmreporter.disaster.go.th/portal/disaster-news/3537,event_date_and_crop_exposure_pending,,,
3453,53,อุตรดิตถ์,อุทกภัย,เกิดฝนตกหนักในพื้นที่ และน้ำท่วมฉับพลัน,2022-07-31 20:00:00,https://dpmreporter.disaster.go.th/portal/disaster-news/3453,event_date_and_crop_exposure_pending,,,
3439,53,อุตรดิตถ์,วาตภัย,ได้เกิดเหตุวาตภัย ในพื้นที่ตำบลน้ำไผ่,2022-07-27 16:00:00,https://dpmreporter.disaster.go.th/portal/disaster-news/3439,event_date_and_crop_exposure_pending,,,
3425,53,อุตรดิตถ์,อุทกภัย,เกิดสถานการณ์อุทกภัย น้ำป่าไหลหลาก,2022-07-23 03:00:00,https://dpmreporter.disaster.go.th/portal/disaster-news/3425,event_date_and_crop_exposure_pending,,,
3275,53,อุตรดิตถ์,วาตภัย,เกิดเหตุวาตภัย,2022-06-17 21:00:00,https://dpmreporter.disaster.go.th/portal/disaster-news/3275,event_date_and_crop_exposure_pending,,,
2243,53,อุตรดิตถ์,วาตภัย,พายุฤดูร้อนพัดเสียหายในพื้นที่ จ.อุตรดิตถ์,2021-04-03 18:45:00,https://dpmreporter.disaster.go.th/portal/disaster-news/2243,event_date_and_crop_exposure_pending,,,
1778,53,อุตรดิตถ์,วาตภัย,เกิดอุทกภัยน้ำป่าไหลหลากท่วมบ้านห้วยเจริญ หมู่ที่ 8 ตำบลผาเลือด อำเภอท่าปลา   จังหวัดอุตรดิตถ์,2020-09-05 05:30:00,https://dpmreporter.disaster.go.th/portal/disaster-news/1778,event_date_and_crop_exposure_pending,,,
1761,53,อุตรดิตถ์,อุทกภัย,อุทกภัย จ.อุตรดิตถ์,2020-08-24 09:00:00,https://dpmreporter.disaster.go.th/portal/disaster-news/1761,event_date_and_crop_exposure_pending,,,
1760,53,อุตรดิตถ์,อุทกภัย,รายงานพื้นที่ประสบอุทกภัย จ.อุตรดิตถ์,2020-08-22 08:00:00,https://dpmreporter.disaster.go.th/portal/disaster-news/1760,event_date_and_crop_exposure_pending,,,
1734,53,อุตรดิตถ์,อุทกภัย,อุทกภัย น้ำป่าไหลหลาก จ.อุตรดิตถ์,2020-08-03 21:00:00,https://dpmreporter.disaster.go.th/portal/disaster-news/1734,event_date_and_crop_exposure_pending,,,
1723,53,อุตรดิตถ์,อุทกภัย,ฝนตกหนัก เกิดน้ำป่าไหลหลาก จ.อุตรดิตถ์,2020-08-02 13:45:00,https://dpmreporter.disaster.go.th/portal/disaster-news/1723,event_date_and_crop_exposure_pending,,,
1649,53,อุตรดิตถ์,วาตภัย,เหตุวาตภัยลมกรรโชกแรงในพื้นที่ จ.อุตรดิตถ์,2020-06-13 22:30:00,https://dpmreporter.disaster.go.th/portal/disaster-news/1649,event_date_and_crop_exposure_pending,,,
1493,53,อุตรดิตถ์,วาตภัย,เกิดวาตภัย ในพื้นที่จังหวัดอุตรดิตถ์ สรุปความเสียหาย,2020-04-25 12:40:00,https://dpmreporter.disaster.go.th/portal/disaster-news/1493,event_date_and_crop_exposure_pending,,,
1386,53,อุตรดิตถ์,วาตภัย,เกิดเหตุวาตภัย ลมกระโชกแรง จ.อุตรดิตถ์,2020-03-15 14:30:00,https://dpmreporter.disaster.go.th/portal/disaster-news/1386,event_date_and_crop_exposure_pending,,,
8009,84,สุราษฎร์ธานี,วาตภัย,เกิดเหตุวาตภัย ในพื้นที่อำเภอท่าชนะ,2025-09-15 16:10:00,https://dpmreporter.disaster.go.th/portal/disaster-news/8009,event_date_and_crop_exposure_pending,,,
7808,84,สุราษฎร์ธานี,วาตภัย,ได้เกิดฝนตก และลมกระโชกแรง จังหวัดสุราษฎร์ธานี,2025-06-23 16:00:00,https://dpmreporter.disaster.go.th/portal/disaster-news/7808,event_date_and_crop_exposure_pending,,,
7430,84,สุราษฎร์ธานี,อุทกภัย,น้ำไหลหลากพัดพาชาวบ้าน ไปติดในสวนยางพารา จำนวน 6 คน,2025-02-24 18:30:00,https://dpmreporter.disaster.go.th/portal/disaster-news/7430,event_date_and_crop_exposure_pending,,,
7428,84,สุราษฎร์ธานี,ฝนตกหนัก,เกิดสถานการณ์อุทกภัยในพื้นที่ จำนวน 4 อำเภอ จังหวัดสุราษฎร์ธานี,2025-02-24 15:00:00,https://dpmreporter.disaster.go.th/portal/disaster-news/7428,event_date_and_area_reviewed_crop_loss_not_inferred,2025-02-24,อ.ดอนสัก; อ.เกาะพะงัน; อ.เกาะสมุย; อ.บ้านนาสาร,durian_damage_not_reported
7101,84,สุราษฎร์ธานี,ฝนตกหนัก,เกิดฝนตกหนักในพื้นที่อำเภอเกาะพะงัน ส่งผลให้เกิดน้ำท่วมฉับพลันในพื้นที่,2024-12-28 05:00:00,https://dpmreporter.disaster.go.th/portal/disaster-news/7101,event_date_and_crop_exposure_pending,,,
7051,84,สุราษฎร์ธานี,ดินถล่ม/โคลนถล่ม,แจ้งเหตุจากศูนย์สั่งการ ซอยตลาดกล้วย มีดินโคลนถล่ม,2024-12-16 04:39:00,https://dpmreporter.disaster.go.th/portal/disaster-news/7051,event_date_and_crop_exposure_pending,,,
7050,84,สุราษฎร์ธานี,ดินถล่ม/โคลนถล่ม,เกิดเหตุดินสไลด์ทับที่พักคนงานมีผู้สูญหาย 2 ราย,2024-12-15 16:00:00,https://dpmreporter.disaster.go.th/portal/disaster-news/7050,event_date_and_crop_exposure_pending,,,
6828,84,สุราษฎร์ธานี,ฝนตกหนัก,เกิดฝนตกหนักในพื้น จ.สุราษฎร์ธานี,2024-10-11 15:30:00,https://dpmreporter.disaster.go.th/portal/disaster-news/6828,event_date_and_crop_exposure_pending,,,
5493,84,สุราษฎร์ธานี,อุทกภัย,ฝนตกหนักสะสม ทำให้น้ำล้นตลิ่ง น้ำป่าไหลหลาก,2023-11-18 13:40:00,https://dpmreporter.disaster.go.th/portal/disaster-news/5493,event_date_and_crop_exposure_pending,,,
4614,84,สุราษฎร์ธานี,วาตภัย,วาตภัย,2023-04-30 14:30:00,https://dpmreporter.disaster.go.th/portal/disaster-news/4614,event_date_and_crop_exposure_pending,,,
4603,84,สุราษฎร์ธานี,วาตภัย,เกิดเหตุลมกระโชกแรง ในพื้นที่อำเภอพระแสง,2023-04-29 15:05:00,https://dpmreporter.disaster.go.th/portal/disaster-news/4603,event_date_and_crop_exposure_pending,,,
4528,84,สุราษฎร์ธานี,วาตภัย,ได้เกิดฝนตกและลมกระโชกแรง,2023-04-24 14:30:00,https://dpmreporter.disaster.go.th/portal/disaster-news/4528,event_date_and_crop_exposure_pending,,,
4457,84,สุราษฎร์ธานี,วาตภัย,เหตุเรือเฟอร์รี่10 ตะแคง เนื่องจากลมพัดแรง,2023-04-16 10:00:00,https://dpmreporter.disaster.go.th/portal/disaster-news/4457,event_date_and_crop_exposure_pending,,,
4408,84,สุราษฎร์ธานี,วาตภัย,ได้เกิดฝนตก ลมกระโชกแรง,2023-04-07 17:00:00,https://dpmreporter.disaster.go.th/portal/disaster-news/4408,event_date_and_crop_exposure_pending,,,
4220,84,สุราษฎร์ธานี,ไฟป่า/หมอกควัน,เกิดไฟป่าบนภูเขา,2023-03-07 15:00:00,https://dpmreporter.disaster.go.th/portal/disaster-news/4220,event_date_and_crop_exposure_pending,,,
4153,84,สุราษฎร์ธานี,วาตภัย,มีฝนตกหนักและลมกระโชกแรง ในพื้นที่ อ.ชัยบุรี,2023-02-20 16:40:00,https://dpmreporter.disaster.go.th/portal/disaster-news/4153,event_date_and_crop_exposure_pending,,,
3592,84,สุราษฎร์ธานี,อุทกภัย,ได้มีฝนตกหนักในพื้นที่ตำบลคลองชะอุ่น อำเภอพนม ทำให้เกิดน้ำป่าไหลหลากเข้าท่วมพื้นที่ผิวถนน,2022-09-01 15:00:00,https://dpmreporter.disaster.go.th/portal/disaster-news/3592,event_date_and_crop_exposure_pending,,,
3366,84,สุราษฎร์ธานี,วาตภัย,เกิดฝนตกหนัก ลมกระโชกแรง,2022-07-09 16:00:00,https://dpmreporter.disaster.go.th/portal/disaster-news/3366,event_date_and_crop_exposure_pending,,,
2950,84,สุราษฎร์ธานี,วาตภัย,เกิดฝนตกหนักและลมกระโชกแรง เป็นทำให้ต้นปาล์มหักโค่นทับบ้าน,2022-03-08 05:00:00,https://dpmreporter.disaster.go.th/portal/disaster-news/2950,event_date_and_crop_exposure_pending,,,
2632,84,สุราษฎร์ธานี,อุทกภัย,น้ำท่วม จังหวัดสุราษฎร์ธานี,2021-12-03 03:30:00,https://dpmreporter.disaster.go.th/portal/disaster-news/2632,event_date_and_crop_exposure_pending,,,
2624,84,สุราษฎร์ธานี,อุทกภัย,เกิดอุทกภัยในพื้นที่อำเภอเกาะพะงัน จังหวัดสุราษฎร์ธานี,2021-12-01 12:00:00,https://dpmreporter.disaster.go.th/portal/disaster-news/2624,event_date_and_crop_exposure_pending,,,
2604,84,สุราษฎร์ธานี,อุทกภัย,น้ำป่าไหลหลากที่เกาะพะงัน จังหวัดสุราษฎร์ธานี,2021-11-23 16:30:00,https://dpmreporter.disaster.go.th/portal/disaster-news/2604,event_date_and_crop_exposure_pending,,,
2600,84,สุราษฎร์ธานี,อุทกภัย,น้ำป่าไหลหลาก น้ำท่วมบ้านเรือนประชาชนในพื้นที่อำเภอชัยบุรึ,2021-11-20 19:00:00,https://dpmreporter.disaster.go.th/portal/disaster-news/2600,event_date_and_crop_exposure_pending,,,
2585,84,สุราษฎร์ธานี,ดินถล่ม/โคลนถล่ม,เกิดเหตุดินยุบตัวเป็นหลุมกว้าง,2021-11-03 17:00:00,https://dpmreporter.disaster.go.th/portal/disaster-news/2585,event_date_and_crop_exposure_pending,,,
2568,84,สุราษฎร์ธานี,อุทกภัย,น้ำท่วมจังหวัดสุราษฎร์ธานี,2021-10-24 17:30:00,https://dpmreporter.disaster.go.th/portal/disaster-news/2568,event_date_and_crop_exposure_pending,,,
2443,84,สุราษฎร์ธานี,อุทกภัย,เกิดน้ำป่าไหลหลากเข้าท่วมบ้านเรือนประชาชน จ.สุราษฎร์ธานี,2021-08-10 16:30:00,https://dpmreporter.disaster.go.th/portal/disaster-news/2443,event_date_and_crop_exposure_pending,,,
2306,84,สุราษฎร์ธานี,วาตภัย,เกิดฝนตกหนัก เกิดลมกระโชกแรง จ.สุราษฎร์ธานี,2021-05-02 17:30:00,https://dpmreporter.disaster.go.th/portal/disaster-news/2306,event_date_and_crop_exposure_pending,,,
2102,84,สุราษฎร์ธานี,ไฟป่า/หมอกควัน,เกิดเหตุไฟไหม้บ่อดิน ลึกประมาณ 35 -40 เมตร พื้นที่ ประมาณ 2 ไร่  (ไม่มีผู้บาดเจ็บและไม่มีผู้เสียชีวิต),2021-02-12 18:25:00,https://dpmreporter.disaster.go.th/portal/disaster-news/2102,event_date_and_crop_exposure_pending,,,
2001,84,สุราษฎร์ธานี,อุทกภัย,เกิดน้ำท่วม จ.สุราษฎร์ธานี,2020-12-17 08:00:00,https://dpmreporter.disaster.go.th/portal/disaster-news/2001,event_date_and_crop_exposure_pending,,,
1987,84,สุราษฎร์ธานี,อุทกภัย,อุทกภัย จ.สุราษฏร์ธานี,2020-12-04 06:00:00,https://dpmreporter.disaster.go.th/portal/disaster-news/1987,event_date_and_crop_exposure_pending,,,
1980,84,สุราษฎร์ธานี,อุทกภัย,รายงานสถานการณ์น้ำท่วม จ.สุราษฏร์ธานี,2020-12-02 14:45:00,https://dpmreporter.disaster.go.th/portal/disaster-news/1980,event_date_and_crop_exposure_pending,,,
1915,84,สุราษฎร์ธานี,อุทกภัย,ฝนตกหนัก เกิดน้ำหลาก พื้นที่ อ.ชัยบุรี,2020-11-08 23:00:00,https://dpmreporter.disaster.go.th/portal/disaster-news/1915,event_date_and_crop_exposure_pending,,,
1914,84,สุราษฎร์ธานี,อุทกภัย,ศูนย์ ปภ.เขต11สฎ. สนับสนุนเครื่องสูบส่งระยะไกลเพื่อแก้ไขปัญหาน้ำท่วมขัง ให้กับประชาชน,2020-11-07 16:00:00,https://dpmreporter.disaster.go.th/portal/disaster-news/1914,event_date_and_crop_exposure_pending,,,
1826,84,สุราษฎร์ธานี,วาตภัย,รายงานสถานการณ์ฝนตกหนักในจังหวัดสุราษฏร์ธานี,2020-09-24 14:00:00,https://dpmreporter.disaster.go.th/portal/disaster-news/1826,event_date_and_crop_exposure_pending,,,
1719,84,สุราษฎร์ธานี,วาตภัย,เกิดวาตภัยและฝนตกหนัก ในพื้นที่อำเภอชัยบุรี จังหวัดสุราษฎร์ธานี,2020-08-01 15:30:00,https://dpmreporter.disaster.go.th/portal/disaster-news/1719,event_date_and_crop_exposure_pending,,,
1718,84,สุราษฎร์ธานี,วาตภัย,เกิดวาตภัยและฝนตกหนัก ในพื้นที่อำเภอพระแสง จังหวัดสุราษฎร์ธานี,2020-08-01 11:30:00,https://dpmreporter.disaster.go.th/portal/disaster-news/1718,event_date_and_crop_exposure_pending,,,
1579,84,สุราษฎร์ธานี,ภัยแล้ง,สนับสนุนรถผลิตน้ำดื่ม จ.สุราษฎร์ธานี,2020-05-20 10:15:00,https://dpmreporter.disaster.go.th/portal/disaster-news/1579,event_date_and_crop_exposure_pending,,,
1532,84,สุราษฎร์ธานี,ภัยแล้ง,ผวจ.สุราษฎร์ธานี ตรวจเยี่ยมชุดปฏิบัติการสูบน้ำ,2020-05-09 15:20:00,https://dpmreporter.disaster.go.th/portal/disaster-news/1532,event_date_and_crop_exposure_pending,,,
1519,84,สุราษฎร์ธานี,ไฟป่า/หมอกควัน,ไฟไหม้สวนปาล์มและสวนยาง จ.สุราษฎร์ธานี,2020-05-07 14:30:00,https://dpmreporter.disaster.go.th/portal/disaster-news/1519,event_date_and_crop_exposure_pending,,,
1516,84,สุราษฎร์ธานี,ภัยแล้ง,สนับสนุนรถผลิตน้ำดื่ม จ.สุราษฎร์ธานี,2020-05-06 14:00:00,https://dpmreporter.disaster.go.th/portal/disaster-news/1516,event_date_and_crop_exposure_pending,,,
1505,84,สุราษฎร์ธานี,ภัยแล้ง,ติดตั้งเครื่องสูบน้ำช่วยภัยแล้ง อ.คีรีรัฐนิคม,2020-05-03 15:00:00,https://dpmreporter.disaster.go.th/portal/disaster-news/1505,event_date_and_crop_exposure_pending,,,
1503,84,สุราษฎร์ธานี,วาตภัย,ผู้ว่าราชการจังหวัดสุราษฎร์ธานีพร้อมด้วย นายสุทธิพงษ์ คล้ายอุดม รองผวจ.สฎ. นายศักดาพร รัตนสุภา หน.สนง.จ.สฎ.นายจำนง สวัสดิ์วงศ์ หน.สนง.ปภ.จ.สฎ. และคณะ ตรวจเยี่ยมให้กำลังใจผู้ประสบวาตภัย พื้นที่อำเภอเกาะสมุย จังหวัดสุราษฎร์ธานี,2020-05-02 10:30:00,https://dpmreporter.disaster.go.th/portal/disaster-news/1503,event_date_and_crop_exposure_pending,,,
1502,84,สุราษฎร์ธานี,ภัยแล้ง,ศูนย์ ปภ.เขต 11 สุราษฎร์ธานี สนับสนุนทรัพยากรกู้ภัยในภารกิจนำรถสูบน้ำ เพื่อแก้ไขปัญหาการขาดแคลนน้ำอุปโภค บริโภค น้ำเพื่อการเกษตร,2020-04-30 10:00:00,https://dpmreporter.disaster.go.th/portal/disaster-news/1502,event_date_and_crop_exposure_pending,,,
1500,84,สุราษฎร์ธานี,ภัยแล้ง,เกิดภาวะฝนทิ้งช่วงตั้งแต่เดือนธันวาคม 2562,2020-04-28 14:30:00,https://dpmreporter.disaster.go.th/portal/disaster-news/1500,event_date_and_crop_exposure_pending,,,
1501,84,สุราษฎร์ธานี,ภัยแล้ง,เจ้าหน้าที่ส่วนสนับสนุนทรัพยากรกู้ภัย ในภารกิจสูบส่งน้ำเพื่อบรรเทาความเดือดร้อนแก่ประชาชน จังหวัดสุราษฎร์ธานี,2020-04-28 14:30:00,https://dpmreporter.disaster.go.th/portal/disaster-news/1501,event_date_and_crop_exposure_pending,,,
1494,84,สุราษฎร์ธานี,ไฟป่า/หมอกควัน,เจ้าหน้าที่ ERT จำนวน 4นาย พร้อมรถดับไฟป่า จำนวน 1คัน และรถยนต์กู้ภัยเคลื่อนที่เร็ว ออกระงับเหตุไฟไหม้ป่าละเมาะ บริเวร ชุมชนบ้านมะลวน  ตำบลมะลวน อำเภอพุนพิน จังหวัดสุราษฎร์ธานี,2020-04-25 13:30:00,https://dpmreporter.disaster.go.th/portal/disaster-news/1494,event_date_and_crop_exposure_pending,,,
1490,84,สุราษฎร์ธานี,ไฟป่า/หมอกควัน,ผวจ.สุราษฎร์ธานี ผอ.ศูนย์ ปภ.เขต11 สุราษฎร์ธานี และคณะ ลงพื้นที่ บ่อขยะที่เกิดเหตุเพลิงไหม้,2020-04-25 09:38:49,https://dpmreporter.disaster.go.th/portal/disaster-news/1490,event_date_and_crop_exposure_pending,,,
1487,84,สุราษฎร์ธานี,ภัยแล้ง,แก้ปัญหาการขาดแคลนน้ำอุปโภคแหล่งน้ำดิบผลิตประปาหมู่บ้านน้ำการเกษตร จ.สุราษฏร์ธานี,2020-04-24 00:10:00,https://dpmreporter.disaster.go.th/portal/disaster-news/1487,event_date_and_crop_exposure_pending,,,
1462,84,สุราษฎร์ธานี,ภัยแล้ง,สำนักงานป้องกันและบรรเทาสาธารณภัยจังหวัดสุราษฎร์ธานีและคณะออกตรวจพื้นที่ขาดแคลนน้ำ อุปโภค  บริโภคและเพื่อการเกษตร อำเภอกาญจนดิษฐ์จังหวัดสุราษฎร์ธานีในพื้นที่ต่างๆ,2020-04-18 12:30:00,https://dpmreporter.disaster.go.th/portal/disaster-news/1462,event_date_and_crop_exposure_pending,,,
1457,84,สุราษฎร์ธานี,ภัยแล้ง,สนับสนุนเครื่องสูบน้ำ จ.สุราษฎร์ธานี,2020-04-16 15:35:00,https://dpmreporter.disaster.go.th/portal/disaster-news/1457,event_date_and_crop_exposure_pending,,,
1454,84,สุราษฎร์ธานี,ภัยแล้ง,ภัยแล้ง จ.สุราษฏร์ธานี,2020-04-15 15:00:00,https://dpmreporter.disaster.go.th/portal/disaster-news/1454,event_date_and_crop_exposure_pending,,,
1443,84,สุราษฎร์ธานี,ภัยแล้ง,เร่งสูบน้ำเพื่อช่วยเหลือประชาชน,2020-04-11 10:00:00,https://dpmreporter.disaster.go.th/portal/disaster-news/1443,event_date_and_crop_exposure_pending,,,
1402,84,สุราษฎร์ธานี,ไฟป่า/หมอกควัน,เกิดเหตุเพลิงไหม้สวนปาล์ม,2020-03-25 13:00:00,https://dpmreporter.disaster.go.th/portal/disaster-news/1402,event_date_and_crop_exposure_pending,,,
1371,84,สุราษฎร์ธานี,ไฟป่า/หมอกควัน,ระงับเหตุเพลิงไหม้ป่าปาล์ม จ.สุราษฎร์ธานี,2020-03-09 14:30:00,https://dpmreporter.disaster.go.th/portal/disaster-news/1371,event_date_and_crop_exposure_pending,,,
1370,84,สุราษฎร์ธานี,ไฟป่า/หมอกควัน,ระงับเหตุเพลิงไหม้ป่าปาล์ม จ. สุราษฎร์ธานี,2020-03-08 16:50:00,https://dpmreporter.disaster.go.th/portal/disaster-news/1370,event_date_and_crop_exposure_pending,,,
1349,84,สุราษฎร์ธานี,ไฟป่า/หมอกควัน,เหตุไฟป่า จ.สุราษฏร์ธานี,2020-02-25 16:00:00,https://dpmreporter.disaster.go.th/portal/disaster-news/1349,event_date_and_crop_exposure_pending,,,
8206,86,ชุมพร,ฝนตกหนัก,เกิดฝนตกหนัก เป็นเหตุให้เกิดน้ำขังบนผิวจราจร,2025-11-19 06:00:00,https://dpmreporter.disaster.go.th/portal/disaster-news/8206,event_date_and_crop_exposure_pending,,,
8103,86,ชุมพร,ฝนตกหนัก,เกิดเหตุน้ำป่าไหลหลากซัดรถกระบะประชาชน,2025-10-21 16:30:00,https://dpmreporter.disaster.go.th/portal/disaster-news/8103,event_date_and_crop_exposure_pending,,,
8092,86,ชุมพร,อุทกภัย,น้ำท่วมขังบ้านเรือนประชาชน,2025-10-18 16:00:00,https://dpmreporter.disaster.go.th/portal/disaster-news/8092,event_date_and_crop_exposure_pending,,,
8022,86,ชุมพร,วาตภัย,ฝนตกลมแรงต้นไม้หักใส่หลังคาบ้านเรือนราษฎร,2025-09-19 05:00:00,https://dpmreporter.disaster.go.th/portal/disaster-news/8022,event_date_and_crop_exposure_pending,,,
7972,86,ชุมพร,ดินถล่ม/โคลนถล่ม,มีดินสไลด์ ทับบ้านเรือนประชาชน,2025-09-01 13:45:00,https://dpmreporter.disaster.go.th/portal/disaster-news/7972,event_date_and_crop_exposure_pending,,,
6753,86,ชุมพร,อุทกภัย,เกิดสถานการณ์น้ำท่วม น้ำป่าไหลหลาก,2024-09-16 06:00:00,https://dpmreporter.disaster.go.th/portal/disaster-news/6753,event_date_and_area_reviewed_crop_loss_not_inferred,2024-09-16,อ.พะโต๊ะ,durian_damage_not_reported
6250,86,ชุมพร,วาตภัย,เกิดลมกระโชกแรง,2024-05-04 17:30:00,https://dpmreporter.disaster.go.th/portal/disaster-news/6250,event_date_and_area_reviewed_crop_loss_not_inferred,2024-05-04,อ.ละแม,durian_orchard_affected_area_reported
6073,86,ชุมพร,ไฟป่า/หมอกควัน,เกิดเหตุไฟไหม้ป่า,2024-04-02 10:30:00,https://dpmreporter.disaster.go.th/portal/disaster-news/6073,event_date_and_crop_exposure_pending,,,
5191,86,ชุมพร,อุทกภัย,เกิดสถานการน้ำเอ่อล้นตลิ่ง,2023-09-04 15:00:00,https://dpmreporter.disaster.go.th/portal/disaster-news/5191,event_date_and_crop_exposure_pending,,,
2622,86,ชุมพร,อุทกภัย,แจ้งเตือนการใช้เส้นทางถนนเอเชีย 41 จังหวัดชุมพร,2021-12-01 09:00:00,https://dpmreporter.disaster.go.th/portal/disaster-news/2622,event_date_and_crop_exposure_pending,,,
2620,86,ชุมพร,อุทกภัย,อุทกภัยจังหวัดชุมพร,2021-11-30 17:30:00,https://dpmreporter.disaster.go.th/portal/disaster-news/2620,event_date_and_crop_exposure_pending,,,
2598,86,ชุมพร,ดินถล่ม/โคลนถล่ม,เกิดเหตุดินสไลด์ จังหวัดชุมพร,2021-11-20 05:00:00,https://dpmreporter.disaster.go.th/portal/disaster-news/2598,event_date_and_crop_exposure_pending,,,
2526,86,ชุมพร,อุทกภัย,อุทกภัยที่จังหวัดชุมพร,2021-10-09 08:30:00,https://dpmreporter.disaster.go.th/portal/disaster-news/2526,event_date_and_crop_exposure_pending,,,
1986,86,ชุมพร,อุทกภัย,เกิดเหตุน้ำท่วม จ.ชุมพร,2020-12-03 11:00:00,https://dpmreporter.disaster.go.th/portal/disaster-news/1986,event_date_and_crop_exposure_pending,,,
1984,86,ชุมพร,อุทกภัย,เกิดเหตุน้ำท่วมถนน จ.ชุมพร,2020-12-03 10:30:00,https://dpmreporter.disaster.go.th/portal/disaster-news/1984,event_date_and_crop_exposure_pending,,,
1927,86,ชุมพร,อุทกภัย,รายงานน้ำท่วมทางหลวงหมายเลข 41 ตอนเขาบ่อ-ท่าทอง,2020-11-13 21:00:00,https://dpmreporter.disaster.go.th/portal/disaster-news/1927,event_date_and_crop_exposure_pending,,,
1928,86,ชุมพร,อุทกภัย,รายงานสถานการณ์น้ำท่วม อำเภอสวี จังหวัดชุมพร,2020-11-13 14:50:00,https://dpmreporter.disaster.go.th/portal/disaster-news/1928,event_date_and_crop_exposure_pending,,,
1921,86,ชุมพร,อุทกภัย,ลงพื้นที่สำรวจสถานการณ์น้ำท่วมขังและพื้นที่เสี่ยง จ.ชุมพร,2020-11-09 09:00:00,https://dpmreporter.disaster.go.th/portal/disaster-news/1921,event_date_and_crop_exposure_pending,,,
1919,86,ชุมพร,อุทกภัย,น้ำล้นตลิ่งท่วมบ้านเรือนและสวนของราษฎร จ.ชุมพร,2020-11-09 07:30:00,https://dpmreporter.disaster.go.th/portal/disaster-news/1919,event_date_and_crop_exposure_pending,,,
1874,86,ชุมพร,ดินถล่ม/โคลนถล่ม,ฝนตหนัก ดินถล่ม ที่จ.ชุมพร,2020-10-18 07:30:00,https://dpmreporter.disaster.go.th/portal/disaster-news/1874,event_date_and_crop_exposure_pending,,,
1360,86,ชุมพร,ไฟป่า/หมอกควัน,เกิดไฟป่าอยู่หลังโรงใย อ.หลังสวน จ.ชุมพร,2020-03-02 20:00:00,https://dpmreporter.disaster.go.th/portal/disaster-news/1360,event_date_and_crop_exposure_pending,,,
1330,86,ชุมพร,อุทกภัย,นายกอบต.ปากน้ำ สำรวจพื้นที่ความเสียหายที่เกิดจากอุทกภัย,2020-02-19 15:00:00,https://dpmreporter.disaster.go.th/portal/disaster-news/1330,event_date_and_crop_exposure_pending,,,
