district_name,year_ce,planted_rai,bearing_rai,production_tonnes,reported_yield_kg_rai,province_code,district,latitude,longitude,point_method,calculated_yield_kg_rai,yield_precision_warning,soil_codes,soil_scope,soil_ph_numeric,nitrogen_mg_kg,phosphorus_mg_kg,potassium_mg_kg,source_url,source_page,finality,train_eligible
เมืองอุตรดิตถ์,2020,2533,1873,965,515,53,อ.เมืองอุตรดิตถ์,17.76614,100.23841,จุดภายในหน่วยดินชิ้นใหญ่สุดที่มีชื่ออำเภอนี้ ไม่ใช่พิกัดสวนหรือค่าเฉลี่ยอำเภอ,515.2162306460224,False,AC;Bg;Cg;Ch;Cm;Cr;Don;Hd;Kb;Kok;Le;Li;Lp;Ly;MA;Ml;Mr;Ms;Na;Nm;Pae;Ph;Phi;Ptc;SC;Sai;Sp;Sri;Tl;Tph;Ty;Utt;W;Ws,"Mapped units in district, not orchard soil shares",,,,,https://www.opsmoac.go.th/uttaradit-dwl-files-441891791379,10,unknown; reporting edition and final versus estimated figures must be confirmed,False
เมืองอุตรดิตถ์,2021,2546,1909,974,510,53,อ.เมืองอุตรดิตถ์,17.76614,100.23841,จุดภายในหน่วยดินชิ้นใหญ่สุดที่มีชื่ออำเภอนี้ ไม่ใช่พิกัดสวนหรือค่าเฉลี่ยอำเภอ,510.21477213200626,False,AC;Bg;Cg;Ch;Cm;Cr;Don;Hd;Kb;Kok;Le;Li;Lp;Ly;MA;Ml;Mr;Ms;Na;Nm;Pae;Ph;Phi;Ptc;SC;Sai;Sp;Sri;Tl;Tph;Ty;Utt;W;Ws,"Mapped units in district, not orchard soil shares",,,,,https://www.opsmoac.go.th/uttaradit-dwl-files-441891791379,10,unknown; reporting edition and final versus estimated figures must be confirmed,False
ตรอน,2020,,,,,53,อ.ตรอน,17.46076,100.09336,จุดภายในหน่วยดินชิ้นใหญ่สุดที่มีชื่ออำเภอนี้ ไม่ใช่พิกัดสวนหรือค่าเฉลี่ยอำเภอ,,False,Cm;Ds;Hd;Kb;Kp;Ly;Mr;Ms;Na;Pae;Ph;Png;SC;Sai;Skt;Sp;Tph;Ty;Utt;W;Wk,"Mapped units in district, not orchard soil shares",,,,,https://www.opsmoac.go.th/uttaradit-dwl-files-441891791379,10,unknown; reporting edition and final versus estimated figures must be confirmed,False
ตรอน,2021,4,,,,53,อ.ตรอน,17.46076,100.09336,จุดภายในหน่วยดินชิ้นใหญ่สุดที่มีชื่ออำเภอนี้ ไม่ใช่พิกัดสวนหรือค่าเฉลี่ยอำเภอ,,False,Cm;Ds;Hd;Kb;Kp;Ly;Mr;Ms;Na;Pae;Ph;Png;SC;Sai;Skt;Sp;Tph;Ty;Utt;W;Wk,"Mapped units in district, not orchard soil shares",,,,,https://www.opsmoac.go.th/uttaradit-dwl-files-441891791379,10,unknown; reporting edition and final versus estimated figures must be confirmed,False
ท่าปลา,2020,4931,4073,2069,508,53,อ.ท่าปลา,17.89231,100.66479,จุดภายในหน่วยดินชิ้นใหญ่สุดที่มีชื่ออำเภอนี้ ไม่ใช่พิกัดสวนหรือค่าเฉลี่ยอำเภอ,507.97937638104594,False,AC;Cg;Cm;Don;Hd;Le;Li;Ly;Ml;Pae;SC;Sai;Tl;Tph;Ty;Utt;W;Ws,"Mapped units in district, not orchard soil shares",,,,,https://www.opsmoac.go.th/uttaradit-dwl-files-441891791379,10,unknown; reporting edition and final versus estimated figures must be confirmed,False
ท่าปลา,2021,5061,4097,2852,696,53,อ.ท่าปลา,17.89231,100.66479,จุดภายในหน่วยดินชิ้นใหญ่สุดที่มีชื่ออำเภอนี้ ไม่ใช่พิกัดสวนหรือค่าเฉลี่ยอำเภอ,696.119111545033,False,AC;Cg;Cm;Don;Hd;Le;Li;Ly;Ml;Pae;SC;Sai;Tl;Tph;Ty;Utt;W;Ws,"Mapped units in district, not orchard soil shares",,,,,https://www.opsmoac.go.th/uttaradit-dwl-files-441891791379,10,unknown; reporting edition and final versus estimated figures must be confirmed,False
น้ำปาด,2020,55,,,,53,อ.น้ำปาด,17.68757,100.70514,จุดภายในหน่วยดินชิ้นใหญ่สุดที่มีชื่ออำเภอนี้ ไม่ใช่พิกัดสวนหรือค่าเฉลี่ยอำเภอ,,False,AC;Ch;Don;Ds;Li;Ly;Ml;Mr;Mt;Na;Pae;Png;Ptc;Pur;SC;Sai;Si;Tph;Ty;W;Wk;Ws,"Mapped units in district, not orchard soil shares",,,,,https://www.opsmoac.go.th/uttaradit-dwl-files-441891791379,10,unknown; reporting edition and final versus estimated figures must be confirmed,False
น้ำปาด,2021,56,,,,53,อ.น้ำปาด,17.68757,100.70514,จุดภายในหน่วยดินชิ้นใหญ่สุดที่มีชื่ออำเภอนี้ ไม่ใช่พิกัดสวนหรือค่าเฉลี่ยอำเภอ,,False,AC;Ch;Don;Ds;Li;Ly;Ml;Mr;Mt;Na;Pae;Png;Ptc;Pur;SC;Sai;Si;Tph;Ty;W;Wk;Ws,"Mapped units in district, not orchard soil shares",,,,,https://www.opsmoac.go.th/uttaradit-dwl-files-441891791379,10,unknown; reporting edition and final versus estimated figures must be confirmed,False
ลับแล,2020,34775,31592,17976,569,53,อ.ลับแล,17.70557,100.06395,จุดภายในหน่วยดินชิ้นใหญ่สุดที่มีชื่ออำเภอนี้ ไม่ใช่พิกัดสวนหรือค่าเฉลี่ยอำเภอ,569.0048113446442,False,AC;Ch;Hd;Kb;Le;Li;Lp;Ly;Ml;Mr;Ms;Mt;Na;Ph;SC;Sai;Sir;Skt;Tph;Ty;Utt;W;Ws,"Mapped units in district, not orchard soil shares",,,,,https://www.opsmoac.go.th/uttaradit-dwl-files-441891791379,10,unknown; reporting edition and final versus estimated figures must be confirmed,False
ลับแล,2021,34901,33532,23506,701,53,อ.ลับแล,17.70557,100.06395,จุดภายในหน่วยดินชิ้นใหญ่สุดที่มีชื่ออำเภอนี้ ไม่ใช่พิกัดสวนหรือค่าเฉลี่ยอำเภอ,701.0020279136347,False,AC;Ch;Hd;Kb;Le;Li;Lp;Ly;Ml;Mr;Ms;Mt;Na;Ph;SC;Sai;Sir;Skt;Tph;Ty;Utt;W;Ws,"Mapped units in district, not orchard soil shares",,,,,https://www.opsmoac.go.th/uttaradit-dwl-files-441891791379,10,unknown; reporting edition and final versus estimated figures must be confirmed,False
บ้านโคก,2020,392,,,,53,อ.บ้านโคก,18.05384,101.15044,จุดภายในหน่วยดินชิ้นใหญ่สุดที่มีชื่ออำเภอนี้ ไม่ใช่พิกัดสวนหรือค่าเฉลี่ยอำเภอ,,False,AC;Ct;Ds;Li;Ms;Nt;Png;Pur;SC;Tph;Utt;Wk;Ws,"Mapped units in district, not orchard soil shares",,,,,https://www.opsmoac.go.th/uttaradit-dwl-files-441891791379,10,unknown; reporting edition and final versus estimated figures must be confirmed,False
บ้านโคก,2021,215,,,,53,อ.บ้านโคก,18.05384,101.15044,จุดภายในหน่วยดินชิ้นใหญ่สุดที่มีชื่ออำเภอนี้ ไม่ใช่พิกัดสวนหรือค่าเฉลี่ยอำเภอ,,False,AC;Ct;Ds;Li;Ms;Nt;Png;Pur;SC;Tph;Utt;Wk;Ws,"Mapped units in district, not orchard soil shares",,,,,https://www.opsmoac.go.th/uttaradit-dwl-files-441891791379,10,unknown; reporting edition and final versus estimated figures must be confirmed,False
ทองแสนขัน,2020,13,11,2,155,53,อ.ทองแสนขัน,17.45813,100.55421,จุดภายในหน่วยดินชิ้นใหญ่สุดที่มีชื่ออำเภอนี้ ไม่ใช่พิกัดสวนหรือค่าเฉลี่ยอำเภอ,181.8181818181818,True,AC;Bg;Cg;Don;Ds;Hd;Kb;Kok;Lsk;Ly;Ml;Mr;Ms;Mt;Na;Pae;Png;Ps;Ptc;Pu;SC;Sai;Skt;Sp;Tl;Tph;Ty;Utt;W;Wk;Wk-RC;Ws,"Mapped units in district, not orchard soil shares",,,,,https://www.opsmoac.go.th/uttaradit-dwl-files-441891791379,10,unknown; reporting edition and final versus estimated figures must be confirmed,False
ทองแสนขัน,2021,30,11,2,139,53,อ.ทองแสนขัน,17.45813,100.55421,จุดภายในหน่วยดินชิ้นใหญ่สุดที่มีชื่ออำเภอนี้ ไม่ใช่พิกัดสวนหรือค่าเฉลี่ยอำเภอ,181.8181818181818,True,AC;Bg;Cg;Don;Ds;Hd;Kb;Kok;Lsk;Ly;Ml;Mr;Ms;Mt;Na;Pae;Png;Ps;Ptc;Pu;SC;Sai;Skt;Sp;Tl;Tph;Ty;Utt;W;Wk;Wk-RC;Ws,"Mapped units in district, not orchard soil shares",,,,,https://www.opsmoac.go.th/uttaradit-dwl-files-441891791379,10,unknown; reporting edition and final versus estimated figures must be confirmed,False
