province_code,district_label,latitude,longitude,supplied_elevation_m,supplied_slope_pct,srtm_elevation_m,srtm_slope_pct,srtm_centre_elevation_m,scope,supplied_status,srtm_status
22,ท่าใหม่,12.723,101.983,45.0,4.5,28.11111111111111,4.1311308140805965,28.0,Selected-point terrain proxy; not district or bearing-orchard mean,"Unverified values from user attachment, scenario only",SRTM30m sampled patch; coordinate representativeness unverified
22,เขาคิชฌกูฏ,12.825,102.135,120.0,11.0,340.77777777777777,37.32721181440068,341.0,Selected-point terrain proxy; not district or bearing-orchard mean,"Unverified values from user attachment, scenario only",SRTM30m sampled patch; coordinate representativeness unverified
86,หลังสวน,9.912,99.034,25.0,2.5,20.22222222222222,6.408538573359129,20.0,Selected-point terrain proxy; not district or bearing-orchard mean,"Unverified values from user attachment, scenario only",SRTM30m sampled patch; coordinate representativeness unverified
86,พะโต๊ะ,9.79,98.785,160.0,22.0,52.666666666666664,5.33218316709758,51.0,Selected-point terrain proxy; not district or bearing-orchard mean,"Unverified values from user attachment, scenario only",SRTM30m sampled patch; coordinate representativeness unverified
84,กาญจนดิษฐ์,9.123,99.51,30.0,3.0,22.0,2.8800095053884305,21.0,Selected-point terrain proxy; not district or bearing-orchard mean,"Unverified values from user attachment, scenario only",SRTM30m sampled patch; coordinate representativeness unverified
84,บ้านนาสาร,8.815,99.375,65.0,6.0,186.88888888888889,86.78688913608657,190.0,Selected-point terrain proxy; not district or bearing-orchard mean,"Unverified values from user attachment, scenario only",SRTM30m sampled patch; coordinate representativeness unverified
53,ลับแล,17.697,100.015,280.0,28.0,101.11111111111111,3.0009889521136963,101.0,Selected-point terrain proxy; not district or bearing-orchard mean,"Unverified values from user attachment, scenario only",SRTM30m sampled patch; coordinate representativeness unverified
53,ท่าปลา,17.892,100.521,230.0,24.0,338.8888888888889,22.982923617054276,341.0,Selected-point terrain proxy; not district or bearing-orchard mean,"Unverified values from user attachment, scenario only",SRTM30m sampled patch; coordinate representativeness unverified
33,กันทรลักษ์,14.685,104.665,180.0,3.5,162.22222222222223,1.746202744987508,163.0,Selected-point terrain proxy; not district or bearing-orchard mean,"Unverified values from user attachment, scenario only",SRTM30m sampled patch; coordinate representativeness unverified
33,ขุนหาญ,14.597,104.495,195.0,4.0,175.55555555555554,1.8220805348423037,174.0,Selected-point terrain proxy; not district or bearing-orchard mean,"Unverified values from user attachment, scenario only",SRTM30m sampled patch; coordinate representativeness unverified
