date_th,rows,soil_min,soil_max,soil_first,soil_last,weather_flatline_rows,rain_1h_available_rows,rain_1h_positive_rows
2026-08-14,42,26.3,27.2,27.2,26.3,0,42,3
2026-08-15,41,25.0,26.0,26.0,25.0,0,40,0
2026-08-16,61,24.6,25.0,25.0,24.6,0,58,6
2026-08-17,56,24.0,24.5,24.5,24.0,0,55,7
2026-08-18,60,23.9,24.0,24.0,23.9,0,60,0
2026-08-19,68,23.6,23.8,23.8,23.6,0,67,4
2026-08-20,77,23.3,23.6,23.6,23.3,0,75,0
2026-08-21,70,23.3,23.6,23.3,23.3,0,68,9
2026-08-22,77,23.3,23.5,23.3,23.3,0,77,0
2026-08-23,70,23.2,23.4,23.3,23.2,27,42,0
2026-08-24,62,23.1,23.2,23.1,23.1,61,0,0
2026-08-25,65,23.1,23.2,23.1,23.1,64,0,0
2026-08-26,62,22.1,85.8,23.1,34.3,57,3,0
2026-08-27,77,28.1,37.0,34.3,29.7,75,0,0
2026-08-28,83,26.6,29.7,29.7,26.6,82,0,0
2026-08-29,71,25.8,43.0,26.6,32.1,70,1,0
2026-08-30,76,27.6,68.6,32.0,34.2,72,2,0
2026-08-31,86,27.2,34.1,34.1,27.2,84,0,0
2026-09-01,82,25.5,27.2,27.2,25.5,81,0,0
2026-09-02,61,24.6,61.4,25.3,39.2,61,0,0
2026-09-03,67,28.3,84.1,33.0,40.8,65,0,0
2026-09-04,79,28.7,40.6,40.6,28.7,42,35,4
2026-09-05,65,26.3,27.9,27.9,26.3,64,0,0
2026-09-06,62,25.0,26.3,26.3,25.0,61,0,0
2026-09-07,67,24.4,25.0,25.0,24.4,66,0,0
2026-09-08,81,24.0,24.4,24.4,24.0,81,0,0
2026-09-09,64,23.7,24.6,24.0,24.4,56,8,0
2026-09-10,64,23.9,42.1,24.1,34.8,0,61,15
2026-09-11,60,32.1,41.7,41.7,37.5,0,60,10
2026-09-12,59,32.1,62.7,33.9,40.0,0,57,21
2026-09-13,55,31.0,58.1,35.4,42.6,0,54,16
2026-09-14,61,33.7,40.6,37.1,37.6,0,60,12
2026-09-15,57,32.1,47.9,35.4,41.4,41,16,5
2026-09-16,56,33.2,40.2,37.5,40.1,54,0,0
2026-09-17,67,35.2,54.5,36.8,39.5,65,0,0
2026-09-18,55,32.6,39.4,39.4,32.6,36,17,0
2026-09-19,43,30.4,32.6,32.6,31.3,0,42,5
