sheet_row,timestamp_th,gap_minutes
44,2026-08-15 08:00:00+07:00,660.0
72,2026-08-15 19:00:00+07:00,255.0
85,2026-08-16 07:45:00+07:00,585.0
146,2026-08-17 07:15:00+07:00,510.0
202,2026-08-18 07:30:00+07:00,615.0
262,2026-08-19 07:00:00+07:00,525.0
340,2026-08-20 07:15:00+07:00,300.0
411,2026-08-21 07:30:00+07:00,405.0
490,2026-08-22 08:00:00+07:00,300.0
563,2026-08-23 07:30:00+07:00,330.0
624,2026-08-24 07:15:00+07:00,510.0
686,2026-08-25 07:30:00+07:00,540.0
754,2026-08-26 07:45:00+07:00,435.0
778,2026-08-26 15:15:00+07:00,90.0
821,2026-08-27 06:45:00+07:00,300.0
904,2026-08-28 06:45:00+07:00,210.0
978,2026-08-29 06:45:00+07:00,345.0
979,2026-08-29 07:45:00+07:00,60.0
1051,2026-08-30 06:45:00+07:00,315.0
1136,2026-08-31 06:30:00+07:00,165.0
1225,2026-09-01 06:45:00+07:00,135.0
1288,2026-09-02 07:15:00+07:00,540.0
1349,2026-09-03 07:15:00+07:00,540.0
1428,2026-09-04 06:30:00+07:00,225.0
1495,2026-09-05 07:45:00+07:00,525.0
1569,2026-09-06 09:00:00+07:00,420.0
1622,2026-09-07 07:15:00+07:00,540.0
1704,2026-09-08 07:00:00+07:00,210.0
1770,2026-09-09 07:30:00+07:00,495.0
1834,2026-09-10 07:00:00+07:00,465.0
1898,2026-09-11 07:15:00+07:00,510.0
1958,2026-09-12 07:00:00+07:00,525.0
2017,2026-09-13 07:15:00+07:00,585.0
2072,2026-09-14 07:30:00+07:00,630.0
2133,2026-09-15 07:30:00+07:00,525.0
2190,2026-09-16 07:15:00+07:00,585.0
2246,2026-09-17 07:15:00+07:00,615.0
2323,2026-09-18 06:30:00+07:00,255.0
2334,2026-09-18 15:30:00+07:00,390.0
2384,2026-09-19 06:45:00+07:00,180.0
