device_id,start_utc,end_utc,rows,duration_minutes
farm_gateway_s3,2026-08-23 08:00:00+00:00,2026-08-23 14:30:00+00:00,27,390.0
farm_gateway_s3,2026-08-24 00:15:00+00:00,2026-08-24 11:30:00+00:00,46,675.0
farm_gateway_s3,2026-08-24 12:00:00+00:00,2026-08-24 15:30:00+00:00,15,210.0
farm_gateway_s3,2026-08-25 00:30:00+00:00,2026-08-25 09:30:00+00:00,37,540.0
farm_gateway_s3,2026-08-25 10:00:00+00:00,2026-08-25 17:30:00+00:00,30,450.0
farm_gateway_s3,2026-08-26 00:45:00+00:00,2026-08-26 05:45:00+00:00,20,300.0
farm_gateway_s3,2026-08-26 08:15:00+00:00,2026-08-26 10:00:00+00:00,8,105.0
farm_gateway_s3,2026-08-26 10:30:00+00:00,2026-08-26 18:45:00+00:00,34,495.0
farm_gateway_s3,2026-08-26 23:45:00+00:00,2026-08-27 04:45:00+00:00,21,300.0
farm_gateway_s3,2026-08-27 05:15:00+00:00,2026-08-27 09:00:00+00:00,16,225.0
farm_gateway_s3,2026-08-27 09:30:00+00:00,2026-08-27 20:15:00+00:00,44,645.0
farm_gateway_s3,2026-08-27 23:45:00+00:00,2026-08-28 05:15:00+00:00,23,330.0
farm_gateway_s3,2026-08-28 05:45:00+00:00,2026-08-28 18:00:00+00:00,50,735.0
farm_gateway_s3,2026-08-29 00:45:00+00:00,2026-08-29 17:45:00+00:00,69,1020.0
farm_gateway_s3,2026-08-29 23:45:00+00:00,2026-08-30 11:00:00+00:00,46,675.0
farm_gateway_s3,2026-08-30 11:30:00+00:00,2026-08-30 20:45:00+00:00,38,555.0
farm_gateway_s3,2026-08-30 23:30:00+00:00,2026-08-31 07:15:00+00:00,32,465.0
farm_gateway_s3,2026-08-31 07:45:00+00:00,2026-08-31 13:30:00+00:00,24,345.0
farm_gateway_s3,2026-08-31 14:00:00+00:00,2026-08-31 19:45:00+00:00,24,345.0
farm_gateway_s3,2026-08-31 20:15:00+00:00,2026-08-31 21:30:00+00:00,6,75.0
farm_gateway_s3,2026-08-31 23:45:00+00:00,2026-09-01 15:15:00+00:00,63,930.0
farm_gateway_s3,2026-09-02 00:15:00+00:00,2026-09-02 15:15:00+00:00,61,900.0
farm_gateway_s3,2026-09-03 00:15:00+00:00,2026-09-03 05:45:00+00:00,23,330.0
farm_gateway_s3,2026-09-03 06:15:00+00:00,2026-09-03 14:00:00+00:00,32,465.0
farm_gateway_s3,2026-09-03 14:30:00+00:00,2026-09-03 19:45:00+00:00,22,315.0
farm_gateway_s3,2026-09-03 23:30:00+00:00,2026-09-04 04:00:00+00:00,19,270.0
farm_gateway_s3,2026-09-04 13:30:00+00:00,2026-09-04 16:00:00+00:00,11,150.0
farm_gateway_s3,2026-09-05 00:45:00+00:00,2026-09-05 06:00:00+00:00,22,315.0
farm_gateway_s3,2026-09-05 06:30:00+00:00,2026-09-05 19:00:00+00:00,51,750.0
farm_gateway_s3,2026-09-06 02:00:00+00:00,2026-09-06 13:15:00+00:00,46,675.0
farm_gateway_s3,2026-09-06 14:00:00+00:00,2026-09-06 15:15:00+00:00,6,75.0
farm_gateway_s3,2026-09-07 00:15:00+00:00,2026-09-07 03:30:00+00:00,14,195.0
farm_gateway_s3,2026-09-07 04:00:00+00:00,2026-09-07 20:30:00+00:00,67,990.0
farm_gateway_s3,2026-09-08 00:00:00+00:00,2026-09-08 16:15:00+00:00,66,975.0
farm_gateway_s3,2026-09-09 00:30:00+00:00,2026-09-09 14:15:00+00:00,56,825.0
farm_gateway_s3,2026-09-15 00:30:00+00:00,2026-09-15 10:30:00+00:00,41,600.0
farm_gateway_s3,2026-09-16 00:15:00+00:00,2026-09-16 05:30:00+00:00,22,315.0
farm_gateway_s3,2026-09-16 06:00:00+00:00,2026-09-16 07:45:00+00:00,8,105.0
farm_gateway_s3,2026-09-16 08:15:00+00:00,2026-09-16 14:00:00+00:00,24,345.0
farm_gateway_s3,2026-09-17 00:15:00+00:00,2026-09-17 05:30:00+00:00,22,315.0
farm_gateway_s3,2026-09-17 06:00:00+00:00,2026-09-17 11:45:00+00:00,24,345.0
farm_gateway_s3,2026-09-17 12:15:00+00:00,2026-09-17 19:15:00+00:00,29,420.0
farm_gateway_s3,2026-09-17 23:30:00+00:00,2026-09-18 02:00:00+00:00,11,150.0
farm_gateway_s3,2026-09-18 08:30:00+00:00,2026-09-18 12:00:00+00:00,15,210.0
